# index, dn_fsname, dn_hemisphere, dn_name, dn_region, _pos
0,lateralorbitofrontal_9,right,rh.lateralorbitofrontal_9,cortical,"array([7.36086825, 5.89398114])"
1,lateralorbitofrontal_11,right,rh.lateralorbitofrontal_11,cortical,"array([7.35012439, 5.89513712])"
2,lateralorbitofrontal_5,right,rh.lateralorbitofrontal_5,cortical,"array([7.35116708, 5.91765094])"
3,lateralorbitofrontal_6,right,rh.lateralorbitofrontal_6,cortical,"array([7.33260104, 5.91218796])"
4,lateralorbitofrontal_7,right,rh.lateralorbitofrontal_7,cortical,"array([7.34490488, 5.86246109])"
5,lateralorbitofrontal_10,right,rh.lateralorbitofrontal_10,cortical,"array([7.35671026, 5.88516186])"
6,lateralorbitofrontal_4,right,rh.lateralorbitofrontal_4,cortical,"array([7.34413159, 5.91357614])"
7,lateralorbitofrontal_17,right,rh.lateralorbitofrontal_17,cortical,"array([7.34719302, 5.9042156 ])"
8,lateralorbitofrontal_8,right,rh.lateralorbitofrontal_8,cortical,"array([7.34330718, 5.87440965])"
9,lateralorbitofrontal_15,right,rh.lateralorbitofrontal_15,cortical,"array([7.33425169, 5.88014706])"
10,lateralorbitofrontal_13,right,rh.lateralorbitofrontal_13,cortical,"array([7.32303221, 5.89239275])"
11,lateralorbitofrontal_12,right,rh.lateralorbitofrontal_12,cortical,"array([7.32768815, 5.92458473])"
12,lateralorbitofrontal_1,right,rh.lateralorbitofrontal_1,cortical,"array([7.31242963, 5.9291064 ])"
13,lateralorbitofrontal_3,right,rh.lateralorbitofrontal_3,cortical,"array([7.31531424, 5.91705413])"
14,lateralorbitofrontal_16,right,rh.lateralorbitofrontal_16,cortical,"array([7.32585145, 5.87829291])"
15,lateralorbitofrontal_14,right,rh.lateralorbitofrontal_14,cortical,"array([7.31720232, 5.91244407])"
16,lateralorbitofrontal_2,right,rh.lateralorbitofrontal_2,cortical,"array([7.32956202, 5.87218555])"
17,parsorbitalis_4,right,rh.parsorbitalis_4,cortical,"array([7.36020891, 5.9162389 ])"
18,parsorbitalis_1,right,rh.parsorbitalis_1,cortical,"array([7.31551044, 5.90078001])"
19,parsorbitalis_2,right,rh.parsorbitalis_2,cortical,"array([7.31390798, 5.88723802])"
20,parsorbitalis_3,right,rh.parsorbitalis_3,cortical,"array([7.30499959, 5.88873553])"
21,frontalpole_2,right,rh.frontalpole_2,cortical,"array([7.32195129, 5.85770307])"
22,frontalpole_1,right,rh.frontalpole_1,cortical,"array([7.3096041 , 5.84696929])"
23,medialorbitofrontal_1,right,rh.medialorbitofrontal_1,cortical,"array([7.30886627, 5.87346383])"
24,medialorbitofrontal_9,right,rh.medialorbitofrontal_9,cortical,"array([7.32254338, 5.84431294])"
25,medialorbitofrontal_7,right,rh.medialorbitofrontal_7,cortical,"array([7.33329108, 5.84912024])"
26,medialorbitofrontal_3,right,rh.medialorbitofrontal_3,cortical,"array([7.3192635, 5.8730602])"
27,medialorbitofrontal_10,right,rh.medialorbitofrontal_10,cortical,"array([7.32091276, 5.90659892])"
28,medialorbitofrontal_8,right,rh.medialorbitofrontal_8,cortical,"array([7.34095868, 5.89751074])"
29,medialorbitofrontal_5,right,rh.medialorbitofrontal_5,cortical,"array([7.34313888, 5.85272369])"
30,medialorbitofrontal_4,right,rh.medialorbitofrontal_4,cortical,"array([7.35329959, 5.87439745])"
31,medialorbitofrontal_2,right,rh.medialorbitofrontal_2,cortical,"array([7.35695963, 5.86321846])"
32,medialorbitofrontal_6,right,rh.medialorbitofrontal_6,cortical,"array([7.36282312, 5.90606065])"
33,medialorbitofrontal_11,right,rh.medialorbitofrontal_11,cortical,"array([7.35173043, 5.90926383])"
34,parstriangularis_8,right,rh.parstriangularis_8,cortical,"array([7.31808038, 5.9302064 ])"
35,parstriangularis_5,right,rh.parstriangularis_5,cortical,"array([7.33374288, 5.92421483])"
36,parstriangularis_3,right,rh.parstriangularis_3,cortical,"array([7.31527286, 5.94889427])"
37,parstriangularis_4,right,rh.parstriangularis_4,cortical,"array([7.32822294, 5.91912641])"
38,parstriangularis_1,right,rh.parstriangularis_1,cortical,"array([7.34501731, 5.92395702])"
39,parstriangularis_2,right,rh.parstriangularis_2,cortical,"array([7.33871629, 5.92929874])"
40,parstriangularis_7,right,rh.parstriangularis_7,cortical,"array([7.32995126, 5.93073074])"
41,parstriangularis_6,right,rh.parstriangularis_6,cortical,"array([7.30113197, 5.90321798])"
42,parsopercularis_8,right,rh.parsopercularis_8,cortical,"array([7.33652937, 5.93601651])"
43,parsopercularis_4,right,rh.parsopercularis_4,cortical,"array([7.32307388, 5.94866731])"
44,parsopercularis_5,right,rh.parsopercularis_5,cortical,"array([7.30508783, 5.95804272])"
45,parsopercularis_9,right,rh.parsopercularis_9,cortical,"array([7.29886647, 5.95067108])"
46,parsopercularis_3,right,rh.parsopercularis_3,cortical,"array([7.28927516, 5.98746662])"
47,parsopercularis_1,right,rh.parsopercularis_1,cortical,"array([7.28421336, 5.93010009])"
48,parsopercularis_7,right,rh.parsopercularis_7,cortical,"array([7.30371258, 5.94983444])"
49,parsopercularis_6,right,rh.parsopercularis_6,cortical,"array([7.30364079, 5.9335941 ])"
50,parsopercularis_2,right,rh.parsopercularis_2,cortical,"array([7.28907867, 5.94760658])"
51,rostralmiddlefrontal_19,right,rh.rostralmiddlefrontal_19,cortical,"array([7.29742158, 5.91519441])"
52,rostralmiddlefrontal_21,right,rh.rostralmiddlefrontal_21,cortical,"array([7.3069914 , 5.92829993])"
53,rostralmiddlefrontal_16,right,rh.rostralmiddlefrontal_16,cortical,"array([7.33831553, 5.91724312])"
54,rostralmiddlefrontal_22,right,rh.rostralmiddlefrontal_22,cortical,"array([7.3271315 , 5.93853374])"
55,rostralmiddlefrontal_24,right,rh.rostralmiddlefrontal_24,cortical,"array([7.3058103, 5.9380083])"
56,rostralmiddlefrontal_10,right,rh.rostralmiddlefrontal_10,cortical,"array([7.30093113, 5.92011464])"
57,rostralmiddlefrontal_20,right,rh.rostralmiddlefrontal_20,cortical,"array([7.30554372, 5.90893028])"
58,rostralmiddlefrontal_15,right,rh.rostralmiddlefrontal_15,cortical,"array([7.30970204, 5.88051918])"
59,rostralmiddlefrontal_18,right,rh.rostralmiddlefrontal_18,cortical,"array([7.30982311, 5.94370766])"
60,rostralmiddlefrontal_7,right,rh.rostralmiddlefrontal_7,cortical,"array([7.32295215, 5.9330245 ])"
61,rostralmiddlefrontal_25,right,rh.rostralmiddlefrontal_25,cortical,"array([7.32729028, 5.8861278 ])"
62,rostralmiddlefrontal_23,right,rh.rostralmiddlefrontal_23,cortical,"array([7.30889775, 5.91614881])"
63,rostralmiddlefrontal_4,right,rh.rostralmiddlefrontal_4,cortical,"array([7.29519769, 5.9019491 ])"
64,rostralmiddlefrontal_27,right,rh.rostralmiddlefrontal_27,cortical,"array([7.3013189 , 5.89593357])"
65,rostralmiddlefrontal_14,right,rh.rostralmiddlefrontal_14,cortical,"array([7.31112175, 5.91186362])"
66,rostralmiddlefrontal_17,right,rh.rostralmiddlefrontal_17,cortical,"array([7.33298207, 5.89049863])"
67,rostralmiddlefrontal_9,right,rh.rostralmiddlefrontal_9,cortical,"array([7.32643692, 5.90780653])"
68,rostralmiddlefrontal_12,right,rh.rostralmiddlefrontal_12,cortical,"array([7.34136484, 5.88839039])"
69,rostralmiddlefrontal_2,right,rh.rostralmiddlefrontal_2,cortical,"array([7.30377476, 5.91424178])"
70,rostralmiddlefrontal_13,right,rh.rostralmiddlefrontal_13,cortical,"array([7.30832615, 5.89525256])"
71,rostralmiddlefrontal_11,right,rh.rostralmiddlefrontal_11,cortical,"array([7.32425201, 5.91290186])"
72,rostralmiddlefrontal_3,right,rh.rostralmiddlefrontal_3,cortical,"array([7.30775175, 5.9220121 ])"
73,rostralmiddlefrontal_5,right,rh.rostralmiddlefrontal_5,cortical,"array([7.33989521, 5.90749201])"
74,rostralmiddlefrontal_8,right,rh.rostralmiddlefrontal_8,cortical,"array([7.33382848, 5.90370659])"
75,rostralmiddlefrontal_26,right,rh.rostralmiddlefrontal_26,cortical,"array([7.32940274, 5.89736718])"
76,rostralmiddlefrontal_1,right,rh.rostralmiddlefrontal_1,cortical,"array([7.31455369, 5.89387212])"
77,rostralmiddlefrontal_6,right,rh.rostralmiddlefrontal_6,cortical,"array([7.31281305, 5.90591756])"
78,superiorfrontal_40,right,rh.superiorfrontal_40,cortical,"array([7.31891193, 5.88255878])"
79,superiorfrontal_4,right,rh.superiorfrontal_4,cortical,"array([7.30186768, 5.87908993])"
80,superiorfrontal_3,right,rh.superiorfrontal_3,cortical,"array([7.30755054, 5.90219137])"
81,superiorfrontal_14,right,rh.superiorfrontal_14,cortical,"array([7.29319191, 5.90961907])"
82,superiorfrontal_7,right,rh.superiorfrontal_7,cortical,"array([7.2956739 , 5.88421334])"
83,superiorfrontal_23,right,rh.superiorfrontal_23,cortical,"array([7.32273508, 5.89941797])"
84,superiorfrontal_10,right,rh.superiorfrontal_10,cortical,"array([7.30681338, 5.86342897])"
85,superiorfrontal_39,right,rh.superiorfrontal_39,cortical,"array([7.28842833, 5.8586935 ])"
86,superiorfrontal_19,right,rh.superiorfrontal_19,cortical,"array([7.29692479, 5.89291225])"
87,superiorfrontal_29,right,rh.superiorfrontal_29,cortical,"array([7.29807235, 5.85616157])"
88,superiorfrontal_1,right,rh.superiorfrontal_1,cortical,"array([7.28951251, 5.88731862])"
89,superiorfrontal_27,right,rh.superiorfrontal_27,cortical,"array([7.30088088, 5.92542016])"
90,superiorfrontal_30,right,rh.superiorfrontal_30,cortical,"array([7.28333155, 5.88231159])"
91,superiorfrontal_15,right,rh.superiorfrontal_15,cortical,"array([7.29682648, 5.87037268])"
92,superiorfrontal_2,right,rh.superiorfrontal_2,cortical,"array([7.29815228, 5.90839585])"
93,superiorfrontal_11,right,rh.superiorfrontal_11,cortical,"array([7.29469586, 5.91999919])"
94,superiorfrontal_37,right,rh.superiorfrontal_37,cortical,"array([7.29046342, 5.89696453])"
95,superiorfrontal_8,right,rh.superiorfrontal_8,cortical,"array([7.2887204 , 5.87568026])"
96,superiorfrontal_36,right,rh.superiorfrontal_36,cortical,"array([7.28263439, 5.86490121])"
97,superiorfrontal_25,right,rh.superiorfrontal_25,cortical,"array([7.2868721 , 5.90513369])"
98,superiorfrontal_24,right,rh.superiorfrontal_24,cortical,"array([7.29053131, 5.91744102])"
99,superiorfrontal_38,right,rh.superiorfrontal_38,cortical,"array([7.27561439, 5.87713608])"
100,superiorfrontal_20,right,rh.superiorfrontal_20,cortical,"array([7.25635338, 5.87326057])"
101,superiorfrontal_5,right,rh.superiorfrontal_5,cortical,"array([7.28367355, 5.8922073 ])"
102,superiorfrontal_22,right,rh.superiorfrontal_22,cortical,"array([7.28645168, 5.91246044])"
103,superiorfrontal_21,right,rh.superiorfrontal_21,cortical,"array([7.28262339, 5.89970294])"
104,superiorfrontal_12,right,rh.superiorfrontal_12,cortical,"array([7.27575507, 5.88748086])"
105,superiorfrontal_18,right,rh.superiorfrontal_18,cortical,"array([7.2698015 , 5.89107356])"
106,superiorfrontal_42,right,rh.superiorfrontal_42,cortical,"array([7.28361259, 5.91876599])"
107,superiorfrontal_13,right,rh.superiorfrontal_13,cortical,"array([7.27980305, 5.9061403 ])"
108,superiorfrontal_32,right,rh.superiorfrontal_32,cortical,"array([7.2722802 , 5.86541164])"
109,superiorfrontal_33,right,rh.superiorfrontal_33,cortical,"array([7.27314889, 5.90968309])"
110,superiorfrontal_28,right,rh.superiorfrontal_28,cortical,"array([7.2878395 , 5.92399192])"
111,superiorfrontal_41,right,rh.superiorfrontal_41,cortical,"array([7.27393001, 5.92501373])"
112,superiorfrontal_16,right,rh.superiorfrontal_16,cortical,"array([7.26596586, 5.91189501])"
113,superiorfrontal_6,right,rh.superiorfrontal_6,cortical,"array([7.26575365, 5.90239142])"
114,superiorfrontal_9,right,rh.superiorfrontal_9,cortical,"array([7.24365831, 5.87148844])"
115,superiorfrontal_17,right,rh.superiorfrontal_17,cortical,"array([7.26116673, 5.89301792])"
116,superiorfrontal_31,right,rh.superiorfrontal_31,cortical,"array([7.27874338, 5.91366221])"
117,superiorfrontal_35,right,rh.superiorfrontal_35,cortical,"array([7.24915409, 5.89509036])"
118,superiorfrontal_34,right,rh.superiorfrontal_34,cortical,"array([7.26085341, 5.90792991])"
119,superiorfrontal_26,right,rh.superiorfrontal_26,cortical,"array([7.25705801, 5.91734588])"
120,caudalmiddlefrontal_8,right,rh.caudalmiddlefrontal_8,cortical,"array([7.28146484, 5.93570833])"
121,caudalmiddlefrontal_4,right,rh.caudalmiddlefrontal_4,cortical,"array([7.25431621, 5.9104198 ])"
122,caudalmiddlefrontal_2,right,rh.caudalmiddlefrontal_2,cortical,"array([7.24599241, 5.90702863])"
123,caudalmiddlefrontal_3,right,rh.caudalmiddlefrontal_3,cortical,"array([7.27701982, 5.93110771])"
124,caudalmiddlefrontal_7,right,rh.caudalmiddlefrontal_7,cortical,"array([7.26292205, 5.91826693])"
125,caudalmiddlefrontal_5,right,rh.caudalmiddlefrontal_5,cortical,"array([7.28528911, 5.93819704])"
126,caudalmiddlefrontal_11,right,rh.caudalmiddlefrontal_11,cortical,"array([7.28938647, 5.94243132])"
127,caudalmiddlefrontal_10,right,rh.caudalmiddlefrontal_10,cortical,"array([7.29690952, 5.93642434])"
128,caudalmiddlefrontal_1,right,rh.caudalmiddlefrontal_1,cortical,"array([7.29375923, 5.92696795])"
129,caudalmiddlefrontal_9,right,rh.caudalmiddlefrontal_9,cortical,"array([7.27164272, 5.90375258])"
130,caudalmiddlefrontal_6,right,rh.caudalmiddlefrontal_6,cortical,"array([7.29059054, 5.93164805])"
131,precentral_12,right,rh.precentral_12,cortical,"array([7.26882758, 5.96636563])"
132,precentral_35,right,rh.precentral_35,cortical,"array([7.25494601, 5.97911678])"
133,precentral_28,right,rh.precentral_28,cortical,"array([7.21655804, 5.9706954 ])"
134,precentral_36,right,rh.precentral_36,cortical,"array([7.2754105, 5.9643601])"
135,precentral_31,right,rh.precentral_31,cortical,"array([7.23387543, 5.95876206])"
136,precentral_5,right,rh.precentral_5,cortical,"array([7.23428309, 5.96713296])"
137,precentral_21,right,rh.precentral_21,cortical,"array([7.23232097, 5.95168887])"
138,precentral_1,right,rh.precentral_1,cortical,"array([7.22408994, 5.94849968])"
139,precentral_8,right,rh.precentral_8,cortical,"array([7.24893444, 5.95868876])"
140,precentral_20,right,rh.precentral_20,cortical,"array([7.28727166, 5.95380628])"
141,precentral_34,right,rh.precentral_34,cortical,"array([7.24702588, 5.9388965 ])"
142,precentral_2,right,rh.precentral_2,cortical,"array([7.23416492, 5.92492962])"
143,precentral_23,right,rh.precentral_23,cortical,"array([7.26483241, 5.94105239])"
144,precentral_19,right,rh.precentral_19,cortical,"array([7.28396952, 5.9496769 ])"
145,precentral_22,right,rh.precentral_22,cortical,"array([7.26918914, 5.93777203])"
146,precentral_26,right,rh.precentral_26,cortical,"array([7.25901539, 5.93730844])"
147,precentral_6,right,rh.precentral_6,cortical,"array([7.2436809 , 5.91524135])"
148,precentral_10,right,rh.precentral_10,cortical,"array([7.23506548, 5.93365133])"
149,precentral_3,right,rh.precentral_3,cortical,"array([7.25165923, 5.93419487])"
150,precentral_9,right,rh.precentral_9,cortical,"array([7.2692359 , 5.94367251])"
151,precentral_4,right,rh.precentral_4,cortical,"array([7.22737914, 5.91544704])"
152,precentral_32,right,rh.precentral_32,cortical,"array([7.2531557 , 5.94179148])"
153,precentral_16,right,rh.precentral_16,cortical,"array([7.27935012, 5.95422562])"
154,precentral_15,right,rh.precentral_15,cortical,"array([7.27845913, 5.94763648])"
155,precentral_30,right,rh.precentral_30,cortical,"array([7.23903414, 5.94838534])"
156,precentral_18,right,rh.precentral_18,cortical,"array([7.2373959 , 5.93974728])"
157,precentral_27,right,rh.precentral_27,cortical,"array([7.26065526, 5.94443383])"
158,precentral_7,right,rh.precentral_7,cortical,"array([7.28253217, 5.94238196])"
159,precentral_11,right,rh.precentral_11,cortical,"array([7.25735642, 5.93172555])"
160,precentral_14,right,rh.precentral_14,cortical,"array([7.24547988, 5.9443723 ])"
161,precentral_33,right,rh.precentral_33,cortical,"array([7.27110048, 5.93160567])"
162,precentral_24,right,rh.precentral_24,cortical,"array([7.2499892 , 5.91698227])"
163,precentral_13,right,rh.precentral_13,cortical,"array([7.24947331, 5.92971134])"
164,precentral_29,right,rh.precentral_29,cortical,"array([7.26023503, 5.92477574])"
165,precentral_25,right,rh.precentral_25,cortical,"array([7.24221877, 5.89975136])"
166,precentral_17,right,rh.precentral_17,cortical,"array([7.26507995, 5.86948221])"
167,paracentral_1,right,rh.paracentral_1,cortical,"array([7.25822141, 5.85910398])"
168,paracentral_9,right,rh.paracentral_9,cortical,"array([7.22640479, 5.87414675])"
169,paracentral_4,right,rh.paracentral_4,cortical,"array([7.26485845, 5.88225084])"
170,paracentral_2,right,rh.paracentral_2,cortical,"array([7.24384382, 5.88685535])"
171,paracentral_3,right,rh.paracentral_3,cortical,"array([7.27546723, 5.89681043])"
172,paracentral_5,right,rh.paracentral_5,cortical,"array([7.25558948, 5.88615227])"
173,paracentral_12,right,rh.paracentral_12,cortical,"array([7.23500649, 5.90562627])"
174,paracentral_6,right,rh.paracentral_6,cortical,"array([7.23434541, 5.89440795])"
175,paracentral_10,right,rh.paracentral_10,cortical,"array([7.27476852, 5.93616332])"
176,paracentral_11,right,rh.paracentral_11,cortical,"array([7.27067431, 5.9170376 ])"
177,paracentral_7,right,rh.paracentral_7,cortical,"array([7.28069323, 5.92526395])"
178,paracentral_8,right,rh.paracentral_8,cortical,"array([7.27889369, 5.9396736 ])"
179,rostralanteriorcingulate_2,right,rh.rostralanteriorcingulate_2,cortical,"array([7.35834387, 5.93657511])"
180,rostralanteriorcingulate_1,right,rh.rostralanteriorcingulate_1,cortical,"array([7.32141174, 5.91952543])"
181,rostralanteriorcingulate_4,right,rh.rostralanteriorcingulate_4,cortical,"array([7.35822149, 5.92905372])"
182,rostralanteriorcingulate_3,right,rh.rostralanteriorcingulate_3,cortical,"array([7.31326907, 5.92296735])"
183,caudalanteriorcingulate_1,right,rh.caudalanteriorcingulate_1,cortical,"array([7.35048457, 5.93619895])"
184,caudalanteriorcingulate_6,right,rh.caudalanteriorcingulate_6,cortical,"array([7.32117068, 5.92530128])"
185,caudalanteriorcingulate_4,right,rh.caudalanteriorcingulate_4,cortical,"array([7.32237588, 5.94033877])"
186,caudalanteriorcingulate_2,right,rh.caudalanteriorcingulate_2,cortical,"array([7.31791025, 5.93604737])"
187,caudalanteriorcingulate_3,right,rh.caudalanteriorcingulate_3,cortical,"array([7.34463478, 5.94471823])"
188,caudalanteriorcingulate_5,right,rh.caudalanteriorcingulate_5,cortical,"array([7.31570657, 5.94229047])"
189,posteriorcingulate_8,right,rh.posteriorcingulate_8,cortical,"array([7.30177889, 5.94231394])"
190,posteriorcingulate_1,right,rh.posteriorcingulate_1,cortical,"array([7.33441177, 5.95051526])"
191,posteriorcingulate_7,right,rh.posteriorcingulate_7,cortical,"array([7.29732248, 5.93018522])"
192,posteriorcingulate_2,right,rh.posteriorcingulate_2,cortical,"array([7.29227323, 5.93739327])"
193,posteriorcingulate_5,right,rh.posteriorcingulate_5,cortical,"array([7.34211288, 5.9559106 ])"
194,posteriorcingulate_3,right,rh.posteriorcingulate_3,cortical,"array([7.3390136 , 5.96668663])"
195,posteriorcingulate_9,right,rh.posteriorcingulate_9,cortical,"array([7.33580627, 5.96047878])"
196,posteriorcingulate_4,right,rh.posteriorcingulate_4,cortical,"array([7.31584777, 5.96496984])"
197,posteriorcingulate_6,right,rh.posteriorcingulate_6,cortical,"array([7.29349134, 5.94959294])"
198,isthmuscingulate_3,right,rh.isthmuscingulate_3,cortical,"array([7.32648865, 5.9638318 ])"
199,isthmuscingulate_1,right,rh.isthmuscingulate_1,cortical,"array([7.32895267, 5.97139946])"
200,isthmuscingulate_2,right,rh.isthmuscingulate_2,cortical,"array([7.30589168, 5.97388125])"
201,isthmuscingulate_4,right,rh.isthmuscingulate_4,cortical,"array([7.34503631, 5.97857305])"
202,isthmuscingulate_5,right,rh.isthmuscingulate_5,cortical,"array([7.33006935, 5.99291793])"
203,isthmuscingulate_6,right,rh.isthmuscingulate_6,cortical,"array([7.32408016, 6.00153649])"
204,postcentral_24,right,rh.postcentral_24,cortical,"array([7.25800773, 5.97211314])"
205,postcentral_26,right,rh.postcentral_26,cortical,"array([7.26462639, 5.97106902])"
206,postcentral_6,right,rh.postcentral_6,cortical,"array([7.24120867, 5.97236992])"
207,postcentral_20,right,rh.postcentral_20,cortical,"array([7.19885557, 5.95134486])"
208,postcentral_25,right,rh.postcentral_25,cortical,"array([7.21259306, 5.94942704])"
209,postcentral_11,right,rh.postcentral_11,cortical,"array([7.24074282, 5.95435587])"
210,postcentral_3,right,rh.postcentral_3,cortical,"array([7.2259006, 5.9389074])"
211,postcentral_18,right,rh.postcentral_18,cortical,"array([7.2413815 , 5.93245319])"
212,postcentral_27,right,rh.postcentral_27,cortical,"array([7.25429906, 5.95306163])"
213,postcentral_13,right,rh.postcentral_13,cortical,"array([7.26068094, 5.95722008])"
214,postcentral_23,right,rh.postcentral_23,cortical,"array([7.21716607, 5.91760259])"
215,postcentral_9,right,rh.postcentral_9,cortical,"array([7.24791503, 5.95164774])"
216,postcentral_17,right,rh.postcentral_17,cortical,"array([7.20695194, 5.92484608])"
217,postcentral_30,right,rh.postcentral_30,cortical,"array([7.27192412, 5.97124304])"
218,postcentral_22,right,rh.postcentral_22,cortical,"array([7.19540714, 5.92030197])"
219,postcentral_7,right,rh.postcentral_7,cortical,"array([7.25450349, 5.95959651])"
220,postcentral_4,right,rh.postcentral_4,cortical,"array([7.19870524, 5.93651964])"
221,postcentral_5,right,rh.postcentral_5,cortical,"array([7.23179316, 5.94451544])"
222,postcentral_29,right,rh.postcentral_29,cortical,"array([7.28154385, 5.96061518])"
223,postcentral_1,right,rh.postcentral_1,cortical,"array([7.21879194, 5.93192225])"
224,postcentral_16,right,rh.postcentral_16,cortical,"array([7.21084348, 5.94015487])"
225,postcentral_14,right,rh.postcentral_14,cortical,"array([7.28480364, 5.95815435])"
226,postcentral_12,right,rh.postcentral_12,cortical,"array([7.30025805, 5.97894063])"
227,postcentral_21,right,rh.postcentral_21,cortical,"array([7.27315049, 5.95339493])"
228,postcentral_8,right,rh.postcentral_8,cortical,"array([7.26747688, 5.94912212])"
229,postcentral_10,right,rh.postcentral_10,cortical,"array([7.23729214, 5.91810498])"
230,postcentral_2,right,rh.postcentral_2,cortical,"array([7.26427086, 5.93209921])"
231,postcentral_19,right,rh.postcentral_19,cortical,"array([7.22494879, 5.90136094])"
232,postcentral_15,right,rh.postcentral_15,cortical,"array([7.25598034, 5.89894999])"
233,postcentral_28,right,rh.postcentral_28,cortical,"array([7.21310995, 5.88083894])"
234,supramarginal_19,right,rh.supramarginal_19,cortical,"array([7.28611421, 5.97093614])"
235,supramarginal_10,right,rh.supramarginal_10,cortical,"array([7.26183542, 5.98596407])"
236,supramarginal_11,right,rh.supramarginal_11,cortical,"array([7.27492464, 5.97657271])"
237,supramarginal_13,right,rh.supramarginal_13,cortical,"array([7.25336871, 5.96504971])"
238,supramarginal_18,right,rh.supramarginal_18,cortical,"array([7.23560148, 5.97551808])"
239,supramarginal_20,right,rh.supramarginal_20,cortical,"array([7.2280466 , 5.97135982])"
240,supramarginal_8,right,rh.supramarginal_8,cortical,"array([7.267266  , 5.99437054])"
241,supramarginal_4,right,rh.supramarginal_4,cortical,"array([7.22911718, 5.9801437 ])"
242,supramarginal_15,right,rh.supramarginal_15,cortical,"array([7.21310074, 5.96045385])"
243,supramarginal_9,right,rh.supramarginal_9,cortical,"array([7.26405094, 5.96171913])"
244,supramarginal_3,right,rh.supramarginal_3,cortical,"array([7.25102263, 5.97278593])"
245,supramarginal_14,right,rh.supramarginal_14,cortical,"array([7.25462114, 5.987964  ])"
246,supramarginal_16,right,rh.supramarginal_16,cortical,"array([7.23928535, 5.98460563])"
247,supramarginal_2,right,rh.supramarginal_2,cortical,"array([7.23462678, 5.99101922])"
248,supramarginal_6,right,rh.supramarginal_6,cortical,"array([7.26861089, 5.98708835])"
249,supramarginal_12,right,rh.supramarginal_12,cortical,"array([7.27084174, 5.98142798])"
250,supramarginal_1,right,rh.supramarginal_1,cortical,"array([7.24618105, 5.96633181])"
251,supramarginal_7,right,rh.supramarginal_7,cortical,"array([7.26168512, 5.97703349])"
252,supramarginal_5,right,rh.supramarginal_5,cortical,"array([7.28618553, 5.97738151])"
253,supramarginal_17,right,rh.supramarginal_17,cortical,"array([7.29627346, 5.98502185])"
254,superiorparietal_13,right,rh.superiorparietal_13,cortical,"array([7.28723664, 5.96468259])"
255,superiorparietal_24,right,rh.superiorparietal_24,cortical,"array([7.28154664, 5.97366253])"
256,superiorparietal_18,right,rh.superiorparietal_18,cortical,"array([7.27665379, 5.97015385])"
257,superiorparietal_10,right,rh.superiorparietal_10,cortical,"array([7.27472382, 5.94790874])"
258,superiorparietal_29,right,rh.superiorparietal_29,cortical,"array([7.26662438, 5.92422952])"
259,superiorparietal_4,right,rh.superiorparietal_4,cortical,"array([7.22692588, 5.92902861])"
260,superiorparietal_12,right,rh.superiorparietal_12,cortical,"array([7.25509256, 5.94696102])"
261,superiorparietal_15,right,rh.superiorparietal_15,cortical,"array([7.26745406, 5.95515702])"
262,superiorparietal_28,right,rh.superiorparietal_28,cortical,"array([7.31093051, 5.99156426])"
263,superiorparietal_16,right,rh.superiorparietal_16,cortical,"array([7.30437402, 5.96777745])"
264,superiorparietal_17,right,rh.superiorparietal_17,cortical,"array([7.26729682, 5.97656343])"
265,superiorparietal_7,right,rh.superiorparietal_7,cortical,"array([7.25919807, 5.96533172])"
266,superiorparietal_20,right,rh.superiorparietal_20,cortical,"array([7.24733758, 5.97783224])"
267,superiorparietal_25,right,rh.superiorparietal_25,cortical,"array([7.27052424, 5.96004604])"
268,superiorparietal_22,right,rh.superiorparietal_22,cortical,"array([7.28160419, 5.96607891])"
269,superiorparietal_9,right,rh.superiorparietal_9,cortical,"array([7.28031031, 5.97964984])"
270,superiorparietal_5,right,rh.superiorparietal_5,cortical,"array([7.30914536, 5.96253427])"
271,superiorparietal_26,right,rh.superiorparietal_26,cortical,"array([7.31268357, 5.97092808])"
272,superiorparietal_23,right,rh.superiorparietal_23,cortical,"array([7.31942374, 5.99106808])"
273,superiorparietal_2,right,rh.superiorparietal_2,cortical,"array([7.30444005, 5.99935594])"
274,superiorparietal_14,right,rh.superiorparietal_14,cortical,"array([7.28480226, 5.98295949])"
275,superiorparietal_11,right,rh.superiorparietal_11,cortical,"array([7.28641141, 6.00600013])"
276,superiorparietal_21,right,rh.superiorparietal_21,cortical,"array([7.30636504, 6.01346027])"
277,superiorparietal_19,right,rh.superiorparietal_19,cortical,"array([7.32881843, 6.0430614 ])"
278,superiorparietal_6,right,rh.superiorparietal_6,cortical,"array([7.32081188, 6.02231252])"
279,superiorparietal_27,right,rh.superiorparietal_27,cortical,"array([7.33280674, 6.06589366])"
280,superiorparietal_1,right,rh.superiorparietal_1,cortical,"array([7.32180044, 6.05479807])"
281,superiorparietal_3,right,rh.superiorparietal_3,cortical,"array([7.29515691, 6.03600054])"
282,superiorparietal_8,right,rh.superiorparietal_8,cortical,"array([7.29035442, 6.01978021])"
283,inferiorparietal_13,right,rh.inferiorparietal_13,cortical,"array([7.2801896 , 5.98933264])"
284,inferiorparietal_21,right,rh.inferiorparietal_21,cortical,"array([7.27522504, 5.99734393])"
285,inferiorparietal_11,right,rh.inferiorparietal_11,cortical,"array([7.24498095, 6.01764209])"
286,inferiorparietal_3,right,rh.inferiorparietal_3,cortical,"array([7.27903695, 6.00980768])"
287,inferiorparietal_4,right,rh.inferiorparietal_4,cortical,"array([7.24264651, 6.00888978])"
288,inferiorparietal_25,right,rh.inferiorparietal_25,cortical,"array([7.25925061, 5.99456242])"
289,inferiorparietal_12,right,rh.inferiorparietal_12,cortical,"array([7.26374654, 6.00572067])"
290,inferiorparietal_8,right,rh.inferiorparietal_8,cortical,"array([7.26278271, 6.01570367])"
291,inferiorparietal_16,right,rh.inferiorparietal_16,cortical,"array([7.25753224, 6.01059862])"
292,inferiorparietal_26,right,rh.inferiorparietal_26,cortical,"array([7.28269756, 6.02689499])"
293,inferiorparietal_2,right,rh.inferiorparietal_2,cortical,"array([7.28012513, 6.00187323])"
294,inferiorparietal_17,right,rh.inferiorparietal_17,cortical,"array([7.27424124, 6.00655013])"
295,inferiorparietal_5,right,rh.inferiorparietal_5,cortical,"array([7.275835  , 6.04045038])"
296,inferiorparietal_1,right,rh.inferiorparietal_1,cortical,"array([7.29568705, 6.01958791])"
297,inferiorparietal_19,right,rh.inferiorparietal_19,cortical,"array([7.26513388, 6.02158296])"
298,inferiorparietal_14,right,rh.inferiorparietal_14,cortical,"array([7.27017205, 6.01377573])"
299,inferiorparietal_9,right,rh.inferiorparietal_9,cortical,"array([7.25465203, 6.01487531])"
300,inferiorparietal_18,right,rh.inferiorparietal_18,cortical,"array([7.25873902, 6.00098971])"
301,inferiorparietal_10,right,rh.inferiorparietal_10,cortical,"array([7.23350657, 6.03326517])"
302,inferiorparietal_20,right,rh.inferiorparietal_20,cortical,"array([7.25350521, 6.02134602])"
303,inferiorparietal_22,right,rh.inferiorparietal_22,cortical,"array([7.27420226, 6.02604225])"
304,inferiorparietal_23,right,rh.inferiorparietal_23,cortical,"array([7.27424017, 6.03213687])"
305,inferiorparietal_6,right,rh.inferiorparietal_6,cortical,"array([7.29431007, 6.02673894])"
306,inferiorparietal_7,right,rh.inferiorparietal_7,cortical,"array([7.30290817, 6.02894723])"
307,inferiorparietal_15,right,rh.inferiorparietal_15,cortical,"array([7.28522601, 6.01400764])"
308,inferiorparietal_24,right,rh.inferiorparietal_24,cortical,"array([7.28849213, 6.02857479])"
309,precuneus_2,right,rh.precuneus_2,cortical,"array([7.30889951, 6.02432985])"
310,precuneus_1,right,rh.precuneus_1,cortical,"array([7.29263034, 6.01011441])"
311,precuneus_3,right,rh.precuneus_3,cortical,"array([7.28349129, 6.01998566])"
312,precuneus_6,right,rh.precuneus_6,cortical,"array([7.29217184, 6.0003059 ])"
313,precuneus_19,right,rh.precuneus_19,cortical,"array([7.3105752 , 6.00157831])"
314,precuneus_10,right,rh.precuneus_10,cortical,"array([7.29588104, 5.99204737])"
315,precuneus_16,right,rh.precuneus_16,cortical,"array([7.29318842, 5.98071041])"
316,precuneus_12,right,rh.precuneus_12,cortical,"array([7.3312257 , 6.01361479])"
317,precuneus_22,right,rh.precuneus_22,cortical,"array([7.33737034, 6.00209468])"
318,precuneus_9,right,rh.precuneus_9,cortical,"array([7.30337505, 5.99075757])"
319,precuneus_21,right,rh.precuneus_21,cortical,"array([7.3317438, 5.9848966])"
320,precuneus_7,right,rh.precuneus_7,cortical,"array([7.31019997, 5.97880429])"
321,precuneus_15,right,rh.precuneus_15,cortical,"array([7.3225755 , 5.97586729])"
322,precuneus_14,right,rh.precuneus_14,cortical,"array([7.31978826, 5.98313989])"
323,precuneus_11,right,rh.precuneus_11,cortical,"array([7.31257165, 5.98541277])"
324,precuneus_8,right,rh.precuneus_8,cortical,"array([7.2926721 , 5.97412965])"
325,precuneus_20,right,rh.precuneus_20,cortical,"array([7.29805689, 5.97337291])"
326,precuneus_4,right,rh.precuneus_4,cortical,"array([7.29829218, 5.9626735 ])"
327,precuneus_5,right,rh.precuneus_5,cortical,"array([7.29263782, 5.96146626])"
328,precuneus_23,right,rh.precuneus_23,cortical,"array([7.27602873, 5.95800118])"
329,precuneus_18,right,rh.precuneus_18,cortical,"array([7.31695901, 5.9578272 ])"
330,precuneus_13,right,rh.precuneus_13,cortical,"array([7.25183812, 5.92373978])"
331,precuneus_17,right,rh.precuneus_17,cortical,"array([7.24181956, 5.92480369])"
332,cuneus_1,right,rh.cuneus_1,cortical,"array([7.3069327 , 6.04906952])"
333,cuneus_2,right,rh.cuneus_2,cortical,"array([7.31423388, 6.10280623])"
334,cuneus_8,right,rh.cuneus_8,cortical,"array([7.31319992, 6.05865856])"
335,cuneus_3,right,rh.cuneus_3,cortical,"array([7.33877845, 6.05527487])"
336,cuneus_7,right,rh.cuneus_7,cortical,"array([7.33080551, 6.0778331 ])"
337,cuneus_6,right,rh.cuneus_6,cortical,"array([7.32174966, 6.06756533])"
338,cuneus_5,right,rh.cuneus_5,cortical,"array([7.31140337, 6.07012535])"
339,cuneus_4,right,rh.cuneus_4,cortical,"array([7.31155384, 6.08911087])"
340,pericalcarine_1,right,rh.pericalcarine_1,cortical,"array([7.2871488 , 6.03570547])"
341,pericalcarine_5,right,rh.pericalcarine_5,cortical,"array([7.29122334, 6.05571962])"
342,pericalcarine_3,right,rh.pericalcarine_3,cortical,"array([7.31904481, 6.07764839])"
343,pericalcarine_7,right,rh.pericalcarine_7,cortical,"array([7.29828435, 6.05156823])"
344,pericalcarine_2,right,rh.pericalcarine_2,cortical,"array([7.29194897, 6.06278601])"
345,pericalcarine_6,right,rh.pericalcarine_6,cortical,"array([7.29152292, 6.09823363])"
346,pericalcarine_4,right,rh.pericalcarine_4,cortical,"array([7.29341012, 6.071263  ])"
347,pericalcarine_8,right,rh.pericalcarine_8,cortical,"array([7.27013311, 6.08206657])"
348,lateraloccipital_18,right,rh.lateraloccipital_18,cortical,"array([7.30553244, 6.05689516])"
349,lateraloccipital_13,right,rh.lateraloccipital_13,cortical,"array([7.3011467 , 6.08725804])"
350,lateraloccipital_12,right,rh.lateraloccipital_12,cortical,"array([7.30058946, 6.09521999])"
351,lateraloccipital_20,right,rh.lateraloccipital_20,cortical,"array([7.28290366, 6.09419231])"
352,lateraloccipital_1,right,rh.lateraloccipital_1,cortical,"array([7.29144331, 6.10929292])"
353,lateraloccipital_9,right,rh.lateraloccipital_9,cortical,"array([7.28432504, 6.05982737])"
354,lateraloccipital_15,right,rh.lateraloccipital_15,cortical,"array([7.28784785, 6.04873967])"
355,lateraloccipital_16,right,rh.lateraloccipital_16,cortical,"array([7.30176973, 6.07260676])"
356,lateraloccipital_23,right,rh.lateraloccipital_23,cortical,"array([7.29602514, 6.04282722])"
357,lateraloccipital_7,right,rh.lateraloccipital_7,cortical,"array([7.2883979 , 6.04295051])"
358,lateraloccipital_3,right,rh.lateraloccipital_3,cortical,"array([7.28005856, 6.03541466])"
359,lateraloccipital_17,right,rh.lateraloccipital_17,cortical,"array([7.27663535, 6.06118861])"
360,lateraloccipital_14,right,rh.lateraloccipital_14,cortical,"array([7.27844982, 6.07176478])"
361,lateraloccipital_21,right,rh.lateraloccipital_21,cortical,"array([7.2863902 , 6.07687388])"
362,lateraloccipital_10,right,rh.lateraloccipital_10,cortical,"array([7.29469532, 6.08012223])"
363,lateraloccipital_8,right,rh.lateraloccipital_8,cortical,"array([7.28532852, 6.06855154])"
364,lateraloccipital_4,right,rh.lateraloccipital_4,cortical,"array([7.27199243, 6.06771757])"
365,lateraloccipital_19,right,rh.lateraloccipital_19,cortical,"array([7.25776996, 6.07533791])"
366,lateraloccipital_6,right,rh.lateraloccipital_6,cortical,"array([7.26527123, 6.064391  ])"
367,lateraloccipital_2,right,rh.lateraloccipital_2,cortical,"array([7.28025255, 6.04634536])"
368,lateraloccipital_5,right,rh.lateraloccipital_5,cortical,"array([7.26209542, 6.0374686 ])"
369,lateraloccipital_22,right,rh.lateraloccipital_22,cortical,"array([7.26178911, 6.05305537])"
370,lateraloccipital_11,right,rh.lateraloccipital_11,cortical,"array([7.26599472, 6.07316748])"
371,lingual_16,right,rh.lingual_16,cortical,"array([7.27769732, 6.08767551])"
372,lingual_8,right,rh.lingual_8,cortical,"array([7.27692896, 6.10788865])"
373,lingual_14,right,rh.lingual_14,cortical,"array([7.26849698, 6.0924757 ])"
374,lingual_4,right,rh.lingual_4,cortical,"array([7.29771299, 6.06000653])"
375,lingual_10,right,rh.lingual_10,cortical,"array([7.28730415, 6.08560232])"
376,lingual_13,right,rh.lingual_13,cortical,"array([7.32463543, 6.09682936])"
377,lingual_11,right,rh.lingual_11,cortical,"array([7.2640621 , 6.10561035])"
378,lingual_9,right,rh.lingual_9,cortical,"array([7.30699331, 6.07868126])"
379,lingual_12,right,rh.lingual_12,cortical,"array([7.2781951 , 6.07926179])"
380,lingual_3,right,rh.lingual_3,cortical,"array([7.27966936, 6.05427211])"
381,lingual_2,right,rh.lingual_2,cortical,"array([7.31693641, 6.04735869])"
382,lingual_7,right,rh.lingual_7,cortical,"array([7.25999532, 6.08315936])"
383,lingual_1,right,rh.lingual_1,cortical,"array([7.30477201, 6.06482815])"
384,lingual_6,right,rh.lingual_6,cortical,"array([7.27320453, 6.01869345])"
385,lingual_15,right,rh.lingual_15,cortical,"array([7.2780978 , 6.01493478])"
386,lingual_17,right,rh.lingual_17,cortical,"array([7.32910619, 6.03150276])"
387,lingual_5,right,rh.lingual_5,cortical,"array([7.26896167, 6.02848689])"
388,fusiform_9,right,rh.fusiform_9,cortical,"array([7.26856651, 6.0571019 ])"
389,fusiform_2,right,rh.fusiform_2,cortical,"array([7.27252649, 6.05133225])"
390,fusiform_5,right,rh.fusiform_5,cortical,"array([7.25368157, 6.05823187])"
391,fusiform_12,right,rh.fusiform_12,cortical,"array([7.25787996, 6.06517165])"
392,fusiform_14,right,rh.fusiform_14,cortical,"array([7.25713529, 6.04663672])"
393,fusiform_8,right,rh.fusiform_8,cortical,"array([7.24695955, 6.05173366])"
394,fusiform_6,right,rh.fusiform_6,cortical,"array([7.24719492, 6.06845482])"
395,fusiform_17,right,rh.fusiform_17,cortical,"array([7.26890305, 6.03929254])"
396,fusiform_15,right,rh.fusiform_15,cortical,"array([7.26273677, 6.02967368])"
397,fusiform_11,right,rh.fusiform_11,cortical,"array([7.24518983, 6.0768305 ])"
398,fusiform_13,right,rh.fusiform_13,cortical,"array([7.25066077, 6.04397721])"
399,fusiform_7,right,rh.fusiform_7,cortical,"array([7.2416875 , 6.06050204])"
400,fusiform_4,right,rh.fusiform_4,cortical,"array([7.24071402, 6.04727944])"
401,fusiform_3,right,rh.fusiform_3,cortical,"array([7.24120326, 6.03266911])"
402,fusiform_1,right,rh.fusiform_1,cortical,"array([7.22532102, 6.01914635])"
403,fusiform_10,right,rh.fusiform_10,cortical,"array([7.22202016, 6.01298722])"
404,fusiform_16,right,rh.fusiform_16,cortical,"array([7.20352047, 5.9936146 ])"
405,parahippocampal_3,right,rh.parahippocampal_3,cortical,"array([7.30570335, 6.03728783])"
406,parahippocampal_2,right,rh.parahippocampal_2,cortical,"array([7.25692454, 6.02699929])"
407,parahippocampal_1,right,rh.parahippocampal_1,cortical,"array([7.31814874, 6.03592897])"
408,parahippocampal_6,right,rh.parahippocampal_6,cortical,"array([7.24633829, 6.02825403])"
409,parahippocampal_5,right,rh.parahippocampal_5,cortical,"array([7.26632632, 6.0472502 ])"
410,parahippocampal_4,right,rh.parahippocampal_4,cortical,"array([7.22093251, 6.05167235])"
411,entorhinal_1,right,rh.entorhinal_1,cortical,"array([7.19782737, 6.01616641])"
412,entorhinal_2,right,rh.entorhinal_2,cortical,"array([7.22093659, 6.04384433])"
413,temporalpole_1,right,rh.temporalpole_1,cortical,"array([7.15983257, 6.01264851])"
414,temporalpole_2,right,rh.temporalpole_2,cortical,"array([7.19037341, 6.00954185])"
415,temporalpole_3,right,rh.temporalpole_3,cortical,"array([7.18335854, 5.98427057])"
416,inferiortemporal_16,right,rh.inferiortemporal_16,cortical,"array([7.2139953 , 6.00964101])"
417,inferiortemporal_3,right,rh.inferiortemporal_3,cortical,"array([7.20535438, 6.0374871 ])"
418,inferiortemporal_5,right,rh.inferiortemporal_5,cortical,"array([7.21856382, 6.02476021])"
419,inferiortemporal_9,right,rh.inferiortemporal_9,cortical,"array([7.20112376, 6.04686912])"
420,inferiortemporal_11,right,rh.inferiortemporal_11,cortical,"array([7.22631152, 6.0288946 ])"
421,inferiortemporal_8,right,rh.inferiortemporal_8,cortical,"array([7.20901769, 6.06356817])"
422,inferiortemporal_1,right,rh.inferiortemporal_1,cortical,"array([7.22593701, 6.03881486])"
423,inferiortemporal_4,right,rh.inferiortemporal_4,cortical,"array([7.2014717 , 6.06520361])"
424,inferiortemporal_7,right,rh.inferiortemporal_7,cortical,"array([7.23228397, 6.04326195])"
425,inferiortemporal_2,right,rh.inferiortemporal_2,cortical,"array([7.20956585, 6.05397338])"
426,inferiortemporal_6,right,rh.inferiortemporal_6,cortical,"array([7.24000466, 6.04018506])"
427,inferiortemporal_10,right,rh.inferiortemporal_10,cortical,"array([7.22893717, 6.07996384])"
428,inferiortemporal_12,right,rh.inferiortemporal_12,cortical,"array([7.22005508, 6.08729639])"
429,inferiortemporal_15,right,rh.inferiortemporal_15,cortical,"array([7.25511639, 6.03831253])"
430,inferiortemporal_14,right,rh.inferiortemporal_14,cortical,"array([7.23519406, 6.06819694])"
431,inferiortemporal_13,right,rh.inferiortemporal_13,cortical,"array([7.25268972, 6.03266621])"
432,middletemporal_12,right,rh.middletemporal_12,cortical,"array([7.24599942, 6.03883129])"
433,middletemporal_16,right,rh.middletemporal_16,cortical,"array([7.22866489, 6.05081179])"
434,middletemporal_13,right,rh.middletemporal_13,cortical,"array([7.21768492, 6.06092254])"
435,middletemporal_15,right,rh.middletemporal_15,cortical,"array([7.23307924, 6.05831105])"
436,middletemporal_6,right,rh.middletemporal_6,cortical,"array([7.21130037, 6.0803491 ])"
437,middletemporal_11,right,rh.middletemporal_11,cortical,"array([7.1913207, 6.0712606])"
438,middletemporal_10,right,rh.middletemporal_10,cortical,"array([7.21516999, 6.0705973 ])"
439,middletemporal_4,right,rh.middletemporal_4,cortical,"array([7.23309373, 6.02008251])"
440,middletemporal_14,right,rh.middletemporal_14,cortical,"array([7.21217179, 6.044911  ])"
441,middletemporal_7,right,rh.middletemporal_7,cortical,"array([7.17852264, 6.06209479])"
442,middletemporal_17,right,rh.middletemporal_17,cortical,"array([7.19921071, 6.07914793])"
443,middletemporal_8,right,rh.middletemporal_8,cortical,"array([7.19766738, 6.0561796 ])"
444,middletemporal_9,right,rh.middletemporal_9,cortical,"array([7.21332085, 6.03719316])"
445,middletemporal_1,right,rh.middletemporal_1,cortical,"array([7.18368232, 6.05043292])"
446,middletemporal_3,right,rh.middletemporal_3,cortical,"array([7.19736334, 6.03424606])"
447,middletemporal_5,right,rh.middletemporal_5,cortical,"array([7.18848759, 6.03813503])"
448,middletemporal_19,right,rh.middletemporal_19,cortical,"array([7.21866144, 6.03321425])"
449,middletemporal_2,right,rh.middletemporal_2,cortical,"array([7.2141324 , 6.01917914])"
450,middletemporal_18,right,rh.middletemporal_18,cortical,"array([7.20651428, 6.01147657])"
451,bankssts_3,right,rh.bankssts_3,cortical,"array([7.23272716, 6.02553322])"
452,bankssts_6,right,rh.bankssts_6,cortical,"array([7.22504855, 6.06594033])"
453,bankssts_2,right,rh.bankssts_2,cortical,"array([7.23985942, 6.02408455])"
454,bankssts_1,right,rh.bankssts_1,cortical,"array([7.24981356, 6.01104046])"
455,bankssts_4,right,rh.bankssts_4,cortical,"array([7.22534538, 5.99460864])"
456,bankssts_5,right,rh.bankssts_5,cortical,"array([7.24399581, 5.99995588])"
457,superiortemporal_9,right,rh.superiortemporal_9,cortical,"array([7.20703583, 5.97854257])"
458,superiortemporal_25,right,rh.superiortemporal_25,cortical,"array([7.21817938, 5.98839739])"
459,superiortemporal_14,right,rh.superiortemporal_14,cortical,"array([7.25182884, 6.00211838])"
460,superiortemporal_6,right,rh.superiortemporal_6,cortical,"array([7.20756806, 6.00122885])"
461,superiortemporal_7,right,rh.superiortemporal_7,cortical,"array([7.17264632, 5.9917292 ])"
462,superiortemporal_16,right,rh.superiortemporal_16,cortical,"array([7.21692452, 6.00117966])"
463,superiortemporal_19,right,rh.superiortemporal_19,cortical,"array([7.16355445, 5.99856041])"
464,superiortemporal_15,right,rh.superiortemporal_15,cortical,"array([7.17020397, 6.02013382])"
465,superiortemporal_12,right,rh.superiortemporal_12,cortical,"array([7.18084108, 6.02971068])"
466,superiortemporal_21,right,rh.superiortemporal_21,cortical,"array([7.23137365, 6.0134652 ])"
467,superiortemporal_24,right,rh.superiortemporal_24,cortical,"array([7.21185471, 6.02856768])"
468,superiortemporal_2,right,rh.superiortemporal_2,cortical,"array([7.16538069, 6.03435749])"
469,superiortemporal_22,right,rh.superiortemporal_22,cortical,"array([7.1439486 , 6.03678177])"
470,superiortemporal_13,right,rh.superiortemporal_13,cortical,"array([7.14143795, 6.01927469])"
471,superiortemporal_5,right,rh.superiortemporal_5,cortical,"array([7.18528547, 6.0203473 ])"
472,superiortemporal_11,right,rh.superiortemporal_11,cortical,"array([7.23614192, 6.00760728])"
473,superiortemporal_3,right,rh.superiortemporal_3,cortical,"array([7.10026571, 6.06306779])"
474,superiortemporal_17,right,rh.superiortemporal_17,cortical,"array([7.13802026, 6.05160705])"
475,superiortemporal_18,right,rh.superiortemporal_18,cortical,"array([7.20384568, 6.02820699])"
476,superiortemporal_8,right,rh.superiortemporal_8,cortical,"array([7.19481353, 6.02405747])"
477,superiortemporal_4,right,rh.superiortemporal_4,cortical,"array([7.11528106, 6.0383697 ])"
478,superiortemporal_23,right,rh.superiortemporal_23,cortical,"array([7.2056888 , 6.02074628])"
479,superiortemporal_20,right,rh.superiortemporal_20,cortical,"array([7.19970668, 6.00717463])"
480,superiortemporal_10,right,rh.superiortemporal_10,cortical,"array([7.18893217, 6.00079915])"
481,superiortemporal_1,right,rh.superiortemporal_1,cortical,"array([7.19350313, 5.99161752])"
482,transversetemporal_1,right,rh.transversetemporal_1,cortical,"array([7.17607332, 6.00965337])"
483,transversetemporal_2,right,rh.transversetemporal_2,cortical,"array([7.22492156, 6.00427746])"
484,transversetemporal_3,right,rh.transversetemporal_3,cortical,"array([7.29592787, 6.00438794])"
485,insula_16,right,rh.insula_16,cortical,"array([7.3040606 , 5.98449122])"
486,insula_13,right,rh.insula_13,cortical,"array([7.29842026, 5.96803348])"
487,insula_6,right,rh.insula_6,cortical,"array([7.2735616 , 5.94262065])"
488,insula_4,right,rh.insula_4,cortical,"array([7.24252025, 5.96148333])"
489,insula_5,right,rh.insula_5,cortical,"array([7.26868739, 6.00124145])"
490,insula_15,right,rh.insula_15,cortical,"array([7.25122137, 5.99528148])"
491,insula_8,right,rh.insula_8,cortical,"array([7.22359852, 5.96122129])"
492,insula_11,right,rh.insula_11,cortical,"array([7.26237985, 5.95083856])"
493,insula_10,right,rh.insula_10,cortical,"array([7.29525134, 5.94337001])"
494,insula_1,right,rh.insula_1,cortical,"array([7.31066361, 5.93464273])"
495,insula_7,right,rh.insula_7,cortical,"array([7.27767026, 5.91996636])"
496,insula_14,right,rh.insula_14,cortical,"array([7.24810557, 5.98558902])"
497,insula_3,right,rh.insula_3,cortical,"array([7.2356909, 6.0004181])"
498,insula_2,right,rh.insula_2,cortical,"array([7.24098172, 5.99353552])"
499,insula_12,right,rh.insula_12,cortical,"array([7.29250159, 5.96809168])"
500,insula_9,right,rh.insula_9,cortical,"array([7.30975612, 5.95428412])"
501,Right-Thalamus-Proper,right,Right-Thalamus-Proper,subcortical,"array([7.31948743, 5.97090378])"
502,Right-Caudate,right,Right-Caudate,subcortical,"array([7.33365446, 5.94332159])"
503,Right-Putamen,right,Right-Putamen,subcortical,"array([7.29277372, 5.95535479])"
504,Right-Pallidum,right,Right-Pallidum,subcortical,"array([7.29957702, 5.9563742 ])"
505,Right-Accumbens-area,right,Right-Accumbens-area,subcortical,"array([7.36606535, 5.93654118])"
506,Right-Hippocampus,right,Right-Hippocampus,subcortical,"array([7.28464653, 5.99448599])"
507,Right-Amygdala,right,Right-Amygdala,subcortical,"array([7.27454675, 5.98667927])"
508,lateralorbitofrontal_9,left,lh.lateralorbitofrontal_9,cortical,"array([7.41788388, 5.9029301 ])"
509,lateralorbitofrontal_4,left,lh.lateralorbitofrontal_4,cortical,"array([7.44438723, 5.86946827])"
510,lateralorbitofrontal_6,left,lh.lateralorbitofrontal_6,cortical,"array([7.44112522, 5.88740772])"
511,lateralorbitofrontal_3,left,lh.lateralorbitofrontal_3,cortical,"array([7.43982881, 5.89549862])"
512,lateralorbitofrontal_13,left,lh.lateralorbitofrontal_13,cortical,"array([7.45604668, 5.91061576])"
513,lateralorbitofrontal_2,left,lh.lateralorbitofrontal_2,cortical,"array([7.42613883, 5.89779655])"
514,lateralorbitofrontal_16,left,lh.lateralorbitofrontal_16,cortical,"array([7.42404283, 5.85182845])"
515,lateralorbitofrontal_7,left,lh.lateralorbitofrontal_7,cortical,"array([7.42428033, 5.89014371])"
516,lateralorbitofrontal_10,left,lh.lateralorbitofrontal_10,cortical,"array([7.43382079, 5.92301381])"
517,lateralorbitofrontal_12,left,lh.lateralorbitofrontal_12,cortical,"array([7.43293181, 5.90792039])"
518,lateralorbitofrontal_14,left,lh.lateralorbitofrontal_14,cortical,"array([7.43482118, 5.86142793])"
519,lateralorbitofrontal_11,left,lh.lateralorbitofrontal_11,cortical,"array([7.41290208, 5.91218513])"
520,lateralorbitofrontal_8,left,lh.lateralorbitofrontal_8,cortical,"array([7.46369118, 5.93218924])"
521,lateralorbitofrontal_5,left,lh.lateralorbitofrontal_5,cortical,"array([7.45333102, 5.93740625])"
522,lateralorbitofrontal_1,left,lh.lateralorbitofrontal_1,cortical,"array([7.46281838, 5.92566852])"
523,lateralorbitofrontal_15,left,lh.lateralorbitofrontal_15,cortical,"array([7.4339732 , 5.89339559])"
524,parsorbitalis_3,left,lh.parsorbitalis_3,cortical,"array([7.44241091, 5.93797726])"
525,parsorbitalis_2,left,lh.parsorbitalis_2,cortical,"array([7.4490427 , 5.87741793])"
526,parsorbitalis_1,left,lh.parsorbitalis_1,cortical,"array([7.41347674, 5.87444703])"
527,parsorbitalis_4,left,lh.parsorbitalis_4,cortical,"array([7.41347898, 5.88428432])"
528,frontalpole_1,left,lh.frontalpole_1,cortical,"array([7.44815402, 5.85512473])"
529,frontalpole_2,left,lh.frontalpole_2,cortical,"array([7.44057293, 5.87895204])"
530,medialorbitofrontal_6,left,lh.medialorbitofrontal_6,cortical,"array([7.43467738, 5.8730094 ])"
531,medialorbitofrontal_8,left,lh.medialorbitofrontal_8,cortical,"array([7.43355396, 5.8846588 ])"
532,medialorbitofrontal_4,left,lh.medialorbitofrontal_4,cortical,"array([7.4626099 , 5.91049832])"
533,medialorbitofrontal_5,left,lh.medialorbitofrontal_5,cortical,"array([7.45325535, 5.91439647])"
534,medialorbitofrontal_3,left,lh.medialorbitofrontal_3,cortical,"array([7.41673936, 5.89282438])"
535,medialorbitofrontal_10,left,lh.medialorbitofrontal_10,cortical,"array([7.42630658, 5.87929536])"
536,medialorbitofrontal_9,left,lh.medialorbitofrontal_9,cortical,"array([7.42430046, 5.87137982])"
537,medialorbitofrontal_7,left,lh.medialorbitofrontal_7,cortical,"array([7.43486014, 5.91462428])"
538,medialorbitofrontal_1,left,lh.medialorbitofrontal_1,cortical,"array([7.40706813, 5.89697061])"
539,medialorbitofrontal_2,left,lh.medialorbitofrontal_2,cortical,"array([7.40920892, 5.93931964])"
540,parstriangularis_3,left,lh.parstriangularis_3,cortical,"array([7.42814459, 5.91729951])"
541,parstriangularis_4,left,lh.parstriangularis_4,cortical,"array([7.43699402, 5.90234249])"
542,parstriangularis_7,left,lh.parstriangularis_7,cortical,"array([7.42374034, 5.92178111])"
543,parstriangularis_5,left,lh.parstriangularis_5,cortical,"array([7.45568092, 5.89455965])"
544,parstriangularis_6,left,lh.parstriangularis_6,cortical,"array([7.45320108, 5.9322822 ])"
545,parstriangularis_2,left,lh.parstriangularis_2,cortical,"array([7.45444819, 5.94473438])"
546,parstriangularis_1,left,lh.parstriangularis_1,cortical,"array([7.42286642, 5.91382477])"
547,parsopercularis_6,left,lh.parsopercularis_6,cortical,"array([7.47459875, 5.95414911])"
548,parsopercularis_7,left,lh.parsopercularis_7,cortical,"array([7.46742302, 5.94494617])"
549,parsopercularis_2,left,lh.parsopercularis_2,cortical,"array([7.43995125, 5.91150987])"
550,parsopercularis_9,left,lh.parsopercularis_9,cortical,"array([7.4482667, 5.9432277])"
551,parsopercularis_8,left,lh.parsopercularis_8,cortical,"array([7.46151072, 5.94451533])"
552,parsopercularis_4,left,lh.parsopercularis_4,cortical,"array([7.46223105, 5.95079096])"
553,parsopercularis_10,left,lh.parsopercularis_10,cortical,"array([7.44372793, 5.95259499])"
554,parsopercularis_3,left,lh.parsopercularis_3,cortical,"array([7.47929534, 5.93890233])"
555,parsopercularis_5,left,lh.parsopercularis_5,cortical,"array([7.45070816, 5.96174706])"
556,parsopercularis_1,left,lh.parsopercularis_1,cortical,"array([7.50827454, 5.9658469 ])"
557,rostralmiddlefrontal_17,left,lh.rostralmiddlefrontal_17,cortical,"array([7.42664357, 5.90618381])"
558,rostralmiddlefrontal_15,left,lh.rostralmiddlefrontal_15,cortical,"array([7.45743918, 5.93997057])"
559,rostralmiddlefrontal_13,left,lh.rostralmiddlefrontal_13,cortical,"array([7.47480254, 5.92738806])"
560,rostralmiddlefrontal_9,left,lh.rostralmiddlefrontal_9,cortical,"array([7.46855923, 5.9326537 ])"
561,rostralmiddlefrontal_19,left,lh.rostralmiddlefrontal_19,cortical,"array([7.45853496, 5.92794529])"
562,rostralmiddlefrontal_16,left,lh.rostralmiddlefrontal_16,cortical,"array([7.41615562, 5.91949014])"
563,rostralmiddlefrontal_6,left,lh.rostralmiddlefrontal_6,cortical,"array([7.42867404, 5.92798186])"
564,rostralmiddlefrontal_22,left,lh.rostralmiddlefrontal_22,cortical,"array([7.44683852, 5.92808471])"
565,rostralmiddlefrontal_4,left,lh.rostralmiddlefrontal_4,cortical,"array([7.4583928 , 5.93484555])"
566,rostralmiddlefrontal_26,left,lh.rostralmiddlefrontal_26,cortical,"array([7.4526225 , 5.92675453])"
567,rostralmiddlefrontal_18,left,lh.rostralmiddlefrontal_18,cortical,"array([7.44101498, 5.91812787])"
568,rostralmiddlefrontal_24,left,lh.rostralmiddlefrontal_24,cortical,"array([7.44633457, 5.92235308])"
569,rostralmiddlefrontal_5,left,lh.rostralmiddlefrontal_5,cortical,"array([7.47005966, 5.9038264 ])"
570,rostralmiddlefrontal_10,left,lh.rostralmiddlefrontal_10,cortical,"array([7.4658702 , 5.89790518])"
571,rostralmiddlefrontal_21,left,lh.rostralmiddlefrontal_21,cortical,"array([7.45966597, 5.89947703])"
572,rostralmiddlefrontal_23,left,lh.rostralmiddlefrontal_23,cortical,"array([7.44710563, 5.93476029])"
573,rostralmiddlefrontal_12,left,lh.rostralmiddlefrontal_12,cortical,"array([7.45621587, 5.90562282])"
574,rostralmiddlefrontal_11,left,lh.rostralmiddlefrontal_11,cortical,"array([7.41835132, 5.92750368])"
575,rostralmiddlefrontal_8,left,lh.rostralmiddlefrontal_8,cortical,"array([7.43397912, 5.92983198])"
576,rostralmiddlefrontal_20,left,lh.rostralmiddlefrontal_20,cortical,"array([7.41153283, 5.92881306])"
577,rostralmiddlefrontal_7,left,lh.rostralmiddlefrontal_7,cortical,"array([7.46355325, 5.92076654])"
578,rostralmiddlefrontal_14,left,lh.rostralmiddlefrontal_14,cortical,"array([7.44814612, 5.89458814])"
579,rostralmiddlefrontal_3,left,lh.rostralmiddlefrontal_3,cortical,"array([7.45252194, 5.92049018])"
580,rostralmiddlefrontal_2,left,lh.rostralmiddlefrontal_2,cortical,"array([7.42484058, 5.94393331])"
581,rostralmiddlefrontal_25,left,lh.rostralmiddlefrontal_25,cortical,"array([7.44597822, 5.91067677])"
582,rostralmiddlefrontal_1,left,lh.rostralmiddlefrontal_1,cortical,"array([7.45138328, 5.8996387 ])"
583,superiorfrontal_11,left,lh.superiorfrontal_11,cortical,"array([7.44994981, 5.88764362])"
584,superiorfrontal_32,left,lh.superiorfrontal_32,cortical,"array([7.46400438, 5.90445061])"
585,superiorfrontal_8,left,lh.superiorfrontal_8,cortical,"array([7.44465889, 5.90263486])"
586,superiorfrontal_14,left,lh.superiorfrontal_14,cortical,"array([7.44769897, 5.91533814])"
587,superiorfrontal_16,left,lh.superiorfrontal_16,cortical,"array([7.45551421, 5.88391857])"
588,superiorfrontal_10,left,lh.superiorfrontal_10,cortical,"array([7.46259849, 5.89012651])"
589,superiorfrontal_35,left,lh.superiorfrontal_35,cortical,"array([7.4652475 , 5.91469775])"
590,superiorfrontal_42,left,lh.superiorfrontal_42,cortical,"array([7.47607997, 5.90558212])"
591,superiorfrontal_24,left,lh.superiorfrontal_24,cortical,"array([7.47106396, 5.8893351 ])"
592,superiorfrontal_39,left,lh.superiorfrontal_39,cortical,"array([7.46018812, 5.8749814 ])"
593,superiorfrontal_23,left,lh.superiorfrontal_23,cortical,"array([7.45065887, 5.90720381])"
594,superiorfrontal_9,left,lh.superiorfrontal_9,cortical,"array([7.45781684, 5.86621253])"
595,superiorfrontal_1,left,lh.superiorfrontal_1,cortical,"array([7.47202574, 5.8821923 ])"
596,superiorfrontal_38,left,lh.superiorfrontal_38,cortical,"array([7.48300053, 5.91005286])"
597,superiorfrontal_45,left,lh.superiorfrontal_45,cortical,"array([7.47061499, 5.87195025])"
598,superiorfrontal_12,left,lh.superiorfrontal_12,cortical,"array([7.47859252, 5.85189666])"
599,superiorfrontal_4,left,lh.superiorfrontal_4,cortical,"array([7.46435107, 5.88139615])"
600,superiorfrontal_21,left,lh.superiorfrontal_21,cortical,"array([7.47211084, 5.89828271])"
601,superiorfrontal_29,left,lh.superiorfrontal_29,cortical,"array([7.46982535, 5.91129405])"
602,superiorfrontal_44,left,lh.superiorfrontal_44,cortical,"array([7.47424288, 5.91686995])"
603,superiorfrontal_19,left,lh.superiorfrontal_19,cortical,"array([7.4781375 , 5.88696875])"
604,superiorfrontal_30,left,lh.superiorfrontal_30,cortical,"array([7.47778569, 5.86725764])"
605,superiorfrontal_28,left,lh.superiorfrontal_28,cortical,"array([7.48774454, 5.87379897])"
606,superiorfrontal_22,left,lh.superiorfrontal_22,cortical,"array([7.47763045, 5.91140118])"
607,superiorfrontal_27,left,lh.superiorfrontal_27,cortical,"array([7.49038567, 5.90849483])"
608,superiorfrontal_20,left,lh.superiorfrontal_20,cortical,"array([7.4857763 , 5.90349022])"
609,superiorfrontal_37,left,lh.superiorfrontal_37,cortical,"array([7.48834747, 5.88110486])"
610,superiorfrontal_40,left,lh.superiorfrontal_40,cortical,"array([7.48859028, 5.86330246])"
611,superiorfrontal_36,left,lh.superiorfrontal_36,cortical,"array([7.48063788, 5.89303427])"
612,superiorfrontal_7,left,lh.superiorfrontal_7,cortical,"array([7.48132908, 5.90010721])"
613,superiorfrontal_2,left,lh.superiorfrontal_2,cortical,"array([7.48687068, 5.91566714])"
614,superiorfrontal_18,left,lh.superiorfrontal_18,cortical,"array([7.49181047, 5.9008134 ])"
615,superiorfrontal_34,left,lh.superiorfrontal_34,cortical,"array([7.48682932, 5.89102135])"
616,superiorfrontal_33,left,lh.superiorfrontal_33,cortical,"array([7.49883766, 5.86674365])"
617,superiorfrontal_3,left,lh.superiorfrontal_3,cortical,"array([7.49662572, 5.88223279])"
618,superiorfrontal_31,left,lh.superiorfrontal_31,cortical,"array([7.4985939 , 5.89864887])"
619,superiorfrontal_25,left,lh.superiorfrontal_25,cortical,"array([7.51693944, 5.87101906])"
620,superiorfrontal_5,left,lh.superiorfrontal_5,cortical,"array([7.50592747, 5.87286046])"
621,superiorfrontal_15,left,lh.superiorfrontal_15,cortical,"array([7.49463348, 5.89303347])"
622,superiorfrontal_43,left,lh.superiorfrontal_43,cortical,"array([7.4864247 , 5.92218389])"
623,superiorfrontal_26,left,lh.superiorfrontal_26,cortical,"array([7.50561344, 5.91143847])"
624,superiorfrontal_6,left,lh.superiorfrontal_6,cortical,"array([7.51682102, 5.89663637])"
625,superiorfrontal_13,left,lh.superiorfrontal_13,cortical,"array([7.50245817, 5.89106754])"
626,superiorfrontal_17,left,lh.superiorfrontal_17,cortical,"array([7.51145839, 5.89057646])"
627,superiorfrontal_41,left,lh.superiorfrontal_41,cortical,"array([7.50499081, 5.88222424])"
628,caudalmiddlefrontal_9,left,lh.caudalmiddlefrontal_9,cortical,"array([7.46993664, 5.93711135])"
629,caudalmiddlefrontal_8,left,lh.caudalmiddlefrontal_8,cortical,"array([7.45058159, 5.95089183])"
630,caudalmiddlefrontal_1,left,lh.caudalmiddlefrontal_1,cortical,"array([7.47352402, 5.93270725])"
631,caudalmiddlefrontal_13,left,lh.caudalmiddlefrontal_13,cortical,"array([7.47214035, 5.94712044])"
632,caudalmiddlefrontal_5,left,lh.caudalmiddlefrontal_5,cortical,"array([7.47907958, 5.95156136])"
633,caudalmiddlefrontal_3,left,lh.caudalmiddlefrontal_3,cortical,"array([7.47444342, 5.94154612])"
634,caudalmiddlefrontal_6,left,lh.caudalmiddlefrontal_6,cortical,"array([7.45593536, 5.95240247])"
635,caudalmiddlefrontal_11,left,lh.caudalmiddlefrontal_11,cortical,"array([7.48063373, 5.92573677])"
636,caudalmiddlefrontal_4,left,lh.caudalmiddlefrontal_4,cortical,"array([7.48004044, 5.93283657])"
637,caudalmiddlefrontal_12,left,lh.caudalmiddlefrontal_12,cortical,"array([7.46538623, 5.95678412])"
638,caudalmiddlefrontal_7,left,lh.caudalmiddlefrontal_7,cortical,"array([7.45648922, 5.95915867])"
639,caudalmiddlefrontal_2,left,lh.caudalmiddlefrontal_2,cortical,"array([7.49309216, 5.92721228])"
640,caudalmiddlefrontal_10,left,lh.caudalmiddlefrontal_10,cortical,"array([7.48571367, 5.92778041])"
641,precentral_31,left,lh.precentral_31,cortical,"array([7.52723264, 5.8533095 ])"
642,precentral_30,left,lh.precentral_30,cortical,"array([7.53846347, 5.86026558])"
643,precentral_12,left,lh.precentral_12,cortical,"array([7.51230477, 5.90543793])"
644,precentral_17,left,lh.precentral_17,cortical,"array([7.52408909, 5.90955467])"
645,precentral_24,left,lh.precentral_24,cortical,"array([7.51859114, 5.90436863])"
646,precentral_33,left,lh.precentral_33,cortical,"array([7.4982762 , 5.92232093])"
647,precentral_3,left,lh.precentral_3,cortical,"array([7.51152009, 5.9187313 ])"
648,precentral_19,left,lh.precentral_19,cortical,"array([7.49871233, 5.90852866])"
649,precentral_26,left,lh.precentral_26,cortical,"array([7.5046755 , 5.91809318])"
650,precentral_21,left,lh.precentral_21,cortical,"array([7.49163096, 5.93321028])"
651,precentral_10,left,lh.precentral_10,cortical,"array([7.53007977, 5.92317911])"
652,precentral_2,left,lh.precentral_2,cortical,"array([7.53989316, 5.91703976])"
653,precentral_16,left,lh.precentral_16,cortical,"array([7.49823367, 5.93381899])"
654,precentral_35,left,lh.precentral_35,cortical,"array([7.50630996, 5.92514957])"
655,precentral_9,left,lh.precentral_9,cortical,"array([7.55226624, 5.90303673])"
656,precentral_4,left,lh.precentral_4,cortical,"array([7.49568155, 5.94397826])"
657,precentral_13,left,lh.precentral_13,cortical,"array([7.50228769, 5.94567655])"
658,precentral_14,left,lh.precentral_14,cortical,"array([7.52818594, 5.9020291 ])"
659,precentral_5,left,lh.precentral_5,cortical,"array([7.49973722, 5.92825505])"
660,precentral_6,left,lh.precentral_6,cortical,"array([7.48511513, 5.95289807])"
661,precentral_25,left,lh.precentral_25,cortical,"array([7.49941069, 5.94003573])"
662,precentral_27,left,lh.precentral_27,cortical,"array([7.54028983, 5.90741157])"
663,precentral_20,left,lh.precentral_20,cortical,"array([7.51496659, 5.95085349])"
664,precentral_29,left,lh.precentral_29,cortical,"array([7.51453455, 5.92453462])"
665,precentral_11,left,lh.precentral_11,cortical,"array([7.51623923, 5.93232614])"
666,precentral_18,left,lh.precentral_18,cortical,"array([7.51644811, 5.91092825])"
667,precentral_8,left,lh.precentral_8,cortical,"array([7.49752455, 5.95027096])"
668,precentral_15,left,lh.precentral_15,cortical,"array([7.49169317, 5.95562509])"
669,precentral_32,left,lh.precentral_32,cortical,"array([7.51293681, 5.94092299])"
670,precentral_1,left,lh.precentral_1,cortical,"array([7.54215138, 5.9254435 ])"
671,precentral_22,left,lh.precentral_22,cortical,"array([7.54997366, 5.94846239])"
672,precentral_7,left,lh.precentral_7,cortical,"array([7.53341622, 5.95959352])"
673,precentral_34,left,lh.precentral_34,cortical,"array([7.55212248, 5.96743312])"
674,precentral_28,left,lh.precentral_28,cortical,"array([7.53293993, 5.96643799])"
675,precentral_23,left,lh.precentral_23,cortical,"array([7.50763061, 5.97168028])"
676,paracentral_7,left,lh.paracentral_7,cortical,"array([7.47832742, 5.87614824])"
677,paracentral_1,left,lh.paracentral_1,cortical,"array([7.51856901, 5.88199552])"
678,paracentral_8,left,lh.paracentral_8,cortical,"array([7.46455287, 5.85665204])"
679,paracentral_2,left,lh.paracentral_2,cortical,"array([7.53494812, 5.88778008])"
680,paracentral_10,left,lh.paracentral_10,cortical,"array([7.49246052, 5.91332138])"
681,paracentral_9,left,lh.paracentral_9,cortical,"array([7.52273921, 5.8899283 ])"
682,paracentral_3,left,lh.paracentral_3,cortical,"array([7.50463207, 5.90415053])"
683,paracentral_4,left,lh.paracentral_4,cortical,"array([7.50812098, 5.89723607])"
684,paracentral_6,left,lh.paracentral_6,cortical,"array([7.49816779, 5.9161403 ])"
685,paracentral_5,left,lh.paracentral_5,cortical,"array([7.49264282, 5.92148121])"
686,paracentral_11,left,lh.paracentral_11,cortical,"array([7.49395741, 5.93739262])"
687,rostralanteriorcingulate_1,left,lh.rostralanteriorcingulate_1,cortical,"array([7.41841508, 5.93567372])"
688,rostralanteriorcingulate_4,left,lh.rostralanteriorcingulate_4,cortical,"array([7.4370487 , 5.93539266])"
689,rostralanteriorcingulate_3,left,lh.rostralanteriorcingulate_3,cortical,"array([7.45736884, 5.92316383])"
690,rostralanteriorcingulate_2,left,lh.rostralanteriorcingulate_2,cortical,"array([7.44074342, 5.9301407 ])"
691,rostralanteriorcingulate_5,left,lh.rostralanteriorcingulate_5,cortical,"array([7.4593396 , 5.91756694])"
692,caudalanteriorcingulate_5,left,lh.caudalanteriorcingulate_5,cortical,"array([7.43992298, 5.9245026 ])"
693,caudalanteriorcingulate_4,left,lh.caudalanteriorcingulate_4,cortical,"array([7.43605079, 5.94160811])"
694,caudalanteriorcingulate_1,left,lh.caudalanteriorcingulate_1,cortical,"array([7.46954972, 5.92026564])"
695,caudalanteriorcingulate_2,left,lh.caudalanteriorcingulate_2,cortical,"array([7.44227496, 5.94566372])"
696,caudalanteriorcingulate_3,left,lh.caudalanteriorcingulate_3,cortical,"array([7.4697379 , 5.92617964])"
697,posteriorcingulate_5,left,lh.posteriorcingulate_5,cortical,"array([7.42877277, 5.94857478])"
698,posteriorcingulate_4,left,lh.posteriorcingulate_4,cortical,"array([7.48044697, 5.91783049])"
699,posteriorcingulate_8,left,lh.posteriorcingulate_8,cortical,"array([7.43800047, 5.95160209])"
700,posteriorcingulate_2,left,lh.posteriorcingulate_2,cortical,"array([7.43320194, 5.9572127 ])"
701,posteriorcingulate_3,left,lh.posteriorcingulate_3,cortical,"array([7.47647572, 5.92113099])"
702,posteriorcingulate_6,left,lh.posteriorcingulate_6,cortical,"array([7.48543553, 5.9334155 ])"
703,posteriorcingulate_9,left,lh.posteriorcingulate_9,cortical,"array([7.48416135, 5.94202319])"
704,posteriorcingulate_7,left,lh.posteriorcingulate_7,cortical,"array([7.48519112, 5.95933141])"
705,posteriorcingulate_1,left,lh.posteriorcingulate_1,cortical,"array([7.44192374, 5.96091649])"
706,isthmuscingulate_4,left,lh.isthmuscingulate_4,cortical,"array([7.43229014, 5.96441476])"
707,isthmuscingulate_6,left,lh.isthmuscingulate_6,cortical,"array([7.43821323, 5.96828275])"
708,isthmuscingulate_7,left,lh.isthmuscingulate_7,cortical,"array([7.46257116, 5.96367577])"
709,isthmuscingulate_1,left,lh.isthmuscingulate_1,cortical,"array([7.44033815, 5.97731516])"
710,isthmuscingulate_5,left,lh.isthmuscingulate_5,cortical,"array([7.43052827, 5.97978002])"
711,isthmuscingulate_2,left,lh.isthmuscingulate_2,cortical,"array([7.44374419, 5.99290316])"
712,isthmuscingulate_3,left,lh.isthmuscingulate_3,cortical,"array([7.45052616, 5.99857494])"
713,postcentral_6,left,lh.postcentral_6,cortical,"array([7.54731061, 5.8716474 ])"
714,postcentral_23,left,lh.postcentral_23,cortical,"array([7.52566378, 5.91770654])"
715,postcentral_28,left,lh.postcentral_28,cortical,"array([7.53348622, 5.91250546])"
716,postcentral_2,left,lh.postcentral_2,cortical,"array([7.51868364, 5.91811862])"
717,postcentral_14,left,lh.postcentral_14,cortical,"array([7.50447281, 5.93592604])"
718,postcentral_24,left,lh.postcentral_24,cortical,"array([7.53672371, 5.93651337])"
719,postcentral_18,left,lh.postcentral_18,cortical,"array([7.50457453, 5.93124797])"
720,postcentral_25,left,lh.postcentral_25,cortical,"array([7.54196374, 5.95006171])"
721,postcentral_16,left,lh.postcentral_16,cortical,"array([7.55859025, 5.92833097])"
722,postcentral_21,left,lh.postcentral_21,cortical,"array([7.50171989, 5.95304942])"
723,postcentral_22,left,lh.postcentral_22,cortical,"array([7.58527593, 5.8983808 ])"
724,postcentral_29,left,lh.postcentral_29,cortical,"array([7.57131467, 5.92742368])"
725,postcentral_30,left,lh.postcentral_30,cortical,"array([7.52575169, 5.92995501])"
726,postcentral_13,left,lh.postcentral_13,cortical,"array([7.51931355, 5.94034969])"
727,postcentral_4,left,lh.postcentral_4,cortical,"array([7.59020828, 5.91885569])"
728,postcentral_17,left,lh.postcentral_17,cortical,"array([7.57444088, 5.91191839])"
729,postcentral_8,left,lh.postcentral_8,cortical,"array([7.50981518, 5.95495428])"
730,postcentral_31,left,lh.postcentral_31,cortical,"array([7.50080406, 5.97173123])"
731,postcentral_3,left,lh.postcentral_3,cortical,"array([7.53587888, 5.94391615])"
732,postcentral_1,left,lh.postcentral_1,cortical,"array([7.5502243 , 5.91353199])"
733,postcentral_9,left,lh.postcentral_9,cortical,"array([7.52097413, 5.94647195])"
734,postcentral_26,left,lh.postcentral_26,cortical,"array([7.53399003, 5.93060406])"
735,postcentral_27,left,lh.postcentral_27,cortical,"array([7.55012405, 5.92322044])"
736,postcentral_12,left,lh.postcentral_12,cortical,"array([7.52925953, 5.9370944 ])"
737,postcentral_10,left,lh.postcentral_10,cortical,"array([7.52320288, 5.95195495])"
738,postcentral_20,left,lh.postcentral_20,cortical,"array([7.57103488, 5.93832995])"
739,postcentral_15,left,lh.postcentral_15,cortical,"array([7.5455963 , 5.93470529])"
740,postcentral_11,left,lh.postcentral_11,cortical,"array([7.57934004, 5.94682773])"
741,postcentral_19,left,lh.postcentral_19,cortical,"array([7.54864279, 5.95768396])"
742,postcentral_5,left,lh.postcentral_5,cortical,"array([7.54380899, 5.94293589])"
743,postcentral_7,left,lh.postcentral_7,cortical,"array([7.52095157, 5.97046092])"
744,supramarginal_1,left,lh.supramarginal_1,cortical,"array([7.49788459, 5.95839721])"
745,supramarginal_7,left,lh.supramarginal_7,cortical,"array([7.53034905, 5.9541112 ])"
746,supramarginal_5,left,lh.supramarginal_5,cortical,"array([7.52583616, 5.94274584])"
747,supramarginal_14,left,lh.supramarginal_14,cortical,"array([7.5414743 , 5.96587585])"
748,supramarginal_13,left,lh.supramarginal_13,cortical,"array([7.52317634, 5.96039103])"
749,supramarginal_2,left,lh.supramarginal_2,cortical,"array([7.48682304, 5.9754702 ])"
750,supramarginal_3,left,lh.supramarginal_3,cortical,"array([7.49642757, 5.98299686])"
751,supramarginal_12,left,lh.supramarginal_12,cortical,"array([7.52360593, 5.99717877])"
752,supramarginal_6,left,lh.supramarginal_6,cortical,"array([7.51059204, 5.97794128])"
753,supramarginal_11,left,lh.supramarginal_11,cortical,"array([7.52725633, 5.96994427])"
754,supramarginal_17,left,lh.supramarginal_17,cortical,"array([7.51723523, 5.95737782])"
755,supramarginal_4,left,lh.supramarginal_4,cortical,"array([7.51631824, 5.96369467])"
756,supramarginal_16,left,lh.supramarginal_16,cortical,"array([7.49672763, 5.96983801])"
757,supramarginal_15,left,lh.supramarginal_15,cortical,"array([7.50287593, 5.98213996])"
758,supramarginal_19,left,lh.supramarginal_19,cortical,"array([7.52075357, 5.97878085])"
759,supramarginal_8,left,lh.supramarginal_8,cortical,"array([7.54132031, 5.95817092])"
760,supramarginal_10,left,lh.supramarginal_10,cortical,"array([7.5291393, 5.9822629])"
761,supramarginal_9,left,lh.supramarginal_9,cortical,"array([7.53366907, 6.00116359])"
762,supramarginal_20,left,lh.supramarginal_20,cortical,"array([7.53876507, 5.99556464])"
763,supramarginal_21,left,lh.supramarginal_21,cortical,"array([7.51746471, 5.99817471])"
764,supramarginal_18,left,lh.supramarginal_18,cortical,"array([7.53027124, 5.99388037])"
765,superiorparietal_26,left,lh.superiorparietal_26,cortical,"array([7.51062695, 5.93560024])"
766,superiorparietal_24,left,lh.superiorparietal_24,cortical,"array([7.4907687 , 5.94469117])"
767,superiorparietal_20,left,lh.superiorparietal_20,cortical,"array([7.49538716, 5.96364296])"
768,superiorparietal_27,left,lh.superiorparietal_27,cortical,"array([7.48035984, 5.96814293])"
769,superiorparietal_25,left,lh.superiorparietal_25,cortical,"array([7.49301281, 5.97683831])"
770,superiorparietal_13,left,lh.superiorparietal_13,cortical,"array([7.48904135, 5.96544711])"
771,superiorparietal_22,left,lh.superiorparietal_22,cortical,"array([7.51313736, 5.96952944])"
772,superiorparietal_8,left,lh.superiorparietal_8,cortical,"array([7.53613262, 5.97421027])"
773,superiorparietal_15,left,lh.superiorparietal_15,cortical,"array([7.48072109, 5.94628321])"
774,superiorparietal_12,left,lh.superiorparietal_12,cortical,"array([7.48950345, 5.93934701])"
775,superiorparietal_19,left,lh.superiorparietal_19,cortical,"array([7.46840505, 5.96573633])"
776,superiorparietal_21,left,lh.superiorparietal_21,cortical,"array([7.50179353, 5.96503939])"
777,superiorparietal_10,left,lh.superiorparietal_10,cortical,"array([7.49057054, 5.96017411])"
778,superiorparietal_16,left,lh.superiorparietal_16,cortical,"array([7.4909505 , 5.97227015])"
779,superiorparietal_11,left,lh.superiorparietal_11,cortical,"array([7.48593944, 5.97033936])"
780,superiorparietal_18,left,lh.superiorparietal_18,cortical,"array([7.47635596, 5.96123675])"
781,superiorparietal_28,left,lh.superiorparietal_28,cortical,"array([7.45169317, 5.97702969])"
782,superiorparietal_14,left,lh.superiorparietal_14,cortical,"array([7.44592849, 5.98468458])"
783,superiorparietal_4,left,lh.superiorparietal_4,cortical,"array([7.45891023, 5.97946296])"
784,superiorparietal_6,left,lh.superiorparietal_6,cortical,"array([7.48038317, 5.97742705])"
785,superiorparietal_2,left,lh.superiorparietal_2,cortical,"array([7.48000029, 6.00162771])"
786,superiorparietal_5,left,lh.superiorparietal_5,cortical,"array([7.4646278 , 6.00551159])"
787,superiorparietal_7,left,lh.superiorparietal_7,cortical,"array([7.45042326, 6.01238189])"
788,superiorparietal_3,left,lh.superiorparietal_3,cortical,"array([7.44286629, 6.02317907])"
789,superiorparietal_9,left,lh.superiorparietal_9,cortical,"array([7.44463577, 6.03452247])"
790,superiorparietal_1,left,lh.superiorparietal_1,cortical,"array([7.47701368, 6.02321375])"
791,superiorparietal_23,left,lh.superiorparietal_23,cortical,"array([7.45383004, 6.04958961])"
792,superiorparietal_17,left,lh.superiorparietal_17,cortical,"array([7.45404709, 6.07292634])"
793,superiorparietal_29,left,lh.superiorparietal_29,cortical,"array([7.43933504, 6.07024796])"
794,inferiorparietal_3,left,lh.inferiorparietal_3,cortical,"array([7.47532637, 6.03234733])"
795,inferiorparietal_16,left,lh.inferiorparietal_16,cortical,"array([7.48205066, 6.01662277])"
796,inferiorparietal_19,left,lh.inferiorparietal_19,cortical,"array([7.47098807, 6.02257842])"
797,inferiorparietal_6,left,lh.inferiorparietal_6,cortical,"array([7.4974036 , 6.02554565])"
798,inferiorparietal_9,left,lh.inferiorparietal_9,cortical,"array([7.48367267, 6.03080479])"
799,inferiorparietal_10,left,lh.inferiorparietal_10,cortical,"array([7.49545734, 6.0194648 ])"
800,inferiorparietal_15,left,lh.inferiorparietal_15,cortical,"array([7.49345185, 6.00022215])"
801,inferiorparietal_8,left,lh.inferiorparietal_8,cortical,"array([7.50274363, 6.00221764])"
802,inferiorparietal_4,left,lh.inferiorparietal_4,cortical,"array([7.48394448, 6.01153748])"
803,inferiorparietal_5,left,lh.inferiorparietal_5,cortical,"array([7.50125859, 6.01709668])"
804,inferiorparietal_2,left,lh.inferiorparietal_2,cortical,"array([7.50321764, 6.01100291])"
805,inferiorparietal_18,left,lh.inferiorparietal_18,cortical,"array([7.5043222 , 6.02299398])"
806,inferiorparietal_17,left,lh.inferiorparietal_17,cortical,"array([7.51460847, 6.02937124])"
807,inferiorparietal_21,left,lh.inferiorparietal_21,cortical,"array([7.51052953, 6.00863727])"
808,inferiorparietal_12,left,lh.inferiorparietal_12,cortical,"array([7.52159374, 6.00464385])"
809,inferiorparietal_22,left,lh.inferiorparietal_22,cortical,"array([7.51694009, 6.00826111])"
810,inferiorparietal_7,left,lh.inferiorparietal_7,cortical,"array([7.52314488, 5.99054889])"
811,inferiorparietal_11,left,lh.inferiorparietal_11,cortical,"array([7.5389052 , 5.98618421])"
812,inferiorparietal_13,left,lh.inferiorparietal_13,cortical,"array([7.49753031, 6.00803764])"
813,inferiorparietal_14,left,lh.inferiorparietal_14,cortical,"array([7.46888252, 6.01490101])"
814,inferiorparietal_1,left,lh.inferiorparietal_1,cortical,"array([7.48706087, 5.99831358])"
815,inferiorparietal_20,left,lh.inferiorparietal_20,cortical,"array([7.49845225, 5.99296647])"
816,precuneus_14,left,lh.precuneus_14,cortical,"array([7.53870897, 5.89832106])"
817,precuneus_16,left,lh.precuneus_16,cortical,"array([7.52229999, 5.93571433])"
818,precuneus_1,left,lh.precuneus_1,cortical,"array([7.51092487, 5.92965491])"
819,precuneus_10,left,lh.precuneus_10,cortical,"array([7.50714947, 5.94188521])"
820,precuneus_8,left,lh.precuneus_8,cortical,"array([7.48575992, 5.94672765])"
821,precuneus_3,left,lh.precuneus_3,cortical,"array([7.50368524, 5.95856192])"
822,precuneus_20,left,lh.precuneus_20,cortical,"array([7.51096936, 5.96062623])"
823,precuneus_2,left,lh.precuneus_2,cortical,"array([7.46099999, 5.97196406])"
824,precuneus_4,left,lh.precuneus_4,cortical,"array([7.47134313, 5.96036686])"
825,precuneus_12,left,lh.precuneus_12,cortical,"array([7.48133653, 5.9637094 ])"
826,precuneus_13,left,lh.precuneus_13,cortical,"array([7.47308735, 5.9777597 ])"
827,precuneus_7,left,lh.precuneus_7,cortical,"array([7.45813281, 6.00220468])"
828,precuneus_17,left,lh.precuneus_17,cortical,"array([7.46582899, 5.97650059])"
829,precuneus_5,left,lh.precuneus_5,cortical,"array([7.46166537, 5.99167811])"
830,precuneus_22,left,lh.precuneus_22,cortical,"array([7.46714844, 5.98320799])"
831,precuneus_6,left,lh.precuneus_6,cortical,"array([7.47487943, 5.98556834])"
832,precuneus_11,left,lh.precuneus_11,cortical,"array([7.480427  , 5.98505534])"
833,precuneus_19,left,lh.precuneus_19,cortical,"array([7.44281839, 6.00455743])"
834,precuneus_21,left,lh.precuneus_21,cortical,"array([7.45324794, 5.99200594])"
835,precuneus_9,left,lh.precuneus_9,cortical,"array([7.46861595, 5.99755591])"
836,precuneus_15,left,lh.precuneus_15,cortical,"array([7.48765703, 6.00507854])"
837,precuneus_18,left,lh.precuneus_18,cortical,"array([7.47533257, 5.9978866 ])"
838,cuneus_5,left,lh.cuneus_5,cortical,"array([7.44324844, 6.0483496 ])"
839,cuneus_6,left,lh.cuneus_6,cortical,"array([7.45907965, 6.04285668])"
840,cuneus_1,left,lh.cuneus_1,cortical,"array([7.46568905, 6.02933726])"
841,cuneus_4,left,lh.cuneus_4,cortical,"array([7.43812232, 6.05980618])"
842,cuneus_2,left,lh.cuneus_2,cortical,"array([7.45786193, 6.06029098])"
843,cuneus_3,left,lh.cuneus_3,cortical,"array([7.46475219, 6.095456  ])"
844,cuneus_7,left,lh.cuneus_7,cortical,"array([7.47054786, 6.08838178])"
845,pericalcarine_7,left,lh.pericalcarine_7,cortical,"array([7.47539249, 6.09658418])"
846,pericalcarine_1,left,lh.pericalcarine_1,cortical,"array([7.47095371, 6.07242562])"
847,pericalcarine_4,left,lh.pericalcarine_4,cortical,"array([7.47525013, 6.04413777])"
848,pericalcarine_2,left,lh.pericalcarine_2,cortical,"array([7.46495454, 6.06392065])"
849,pericalcarine_5,left,lh.pericalcarine_5,cortical,"array([7.47922406, 6.03810592])"
850,pericalcarine_3,left,lh.pericalcarine_3,cortical,"array([7.46262685, 6.05133832])"
851,pericalcarine_6,left,lh.pericalcarine_6,cortical,"array([7.48500064, 6.02446777])"
852,lateraloccipital_1,left,lh.lateraloccipital_1,cortical,"array([7.45493506, 6.09399518])"
853,lateraloccipital_20,left,lh.lateraloccipital_20,cortical,"array([7.45003156, 6.06056017])"
854,lateraloccipital_10,left,lh.lateraloccipital_10,cortical,"array([7.44310987, 6.08281132])"
855,lateraloccipital_6,left,lh.lateraloccipital_6,cortical,"array([7.45417704, 6.08402893])"
856,lateraloccipital_2,left,lh.lateraloccipital_2,cortical,"array([7.47446326, 6.06586004])"
857,lateraloccipital_4,left,lh.lateraloccipital_4,cortical,"array([7.4698967 , 6.04852078])"
858,lateraloccipital_7,left,lh.lateraloccipital_7,cortical,"array([7.46877609, 6.03928006])"
859,lateraloccipital_11,left,lh.lateraloccipital_11,cortical,"array([7.48051767, 6.04863169])"
860,lateraloccipital_13,left,lh.lateraloccipital_13,cortical,"array([7.4641262 , 6.08054924])"
861,lateraloccipital_12,left,lh.lateraloccipital_12,cortical,"array([7.48043782, 6.08384666])"
862,lateraloccipital_14,left,lh.lateraloccipital_14,cortical,"array([7.48029463, 6.07237756])"
863,lateraloccipital_15,left,lh.lateraloccipital_15,cortical,"array([7.49303718, 6.07164677])"
864,lateraloccipital_19,left,lh.lateraloccipital_19,cortical,"array([7.49197505, 6.05046989])"
865,lateraloccipital_3,left,lh.lateraloccipital_3,cortical,"array([7.49380823, 6.03356177])"
866,lateraloccipital_18,left,lh.lateraloccipital_18,cortical,"array([7.49113845, 6.0275078 ])"
867,lateraloccipital_22,left,lh.lateraloccipital_22,cortical,"array([7.49137896, 6.05853065])"
868,lateraloccipital_21,left,lh.lateraloccipital_21,cortical,"array([7.50568563, 6.03126834])"
869,lateraloccipital_23,left,lh.lateraloccipital_23,cortical,"array([7.51563886, 6.03477091])"
870,lateraloccipital_5,left,lh.lateraloccipital_5,cortical,"array([7.50180828, 6.03712469])"
871,lateraloccipital_17,left,lh.lateraloccipital_17,cortical,"array([7.48628189, 6.05485369])"
872,lateraloccipital_16,left,lh.lateraloccipital_16,cortical,"array([7.50366198, 6.06226357])"
873,lateraloccipital_9,left,lh.lateraloccipital_9,cortical,"array([7.50228061, 6.07345104])"
874,lateraloccipital_8,left,lh.lateraloccipital_8,cortical,"array([7.49820127, 6.05537153])"
875,lingual_14,left,lh.lingual_14,cortical,"array([7.48680392, 6.04460544])"
876,lingual_11,left,lh.lingual_11,cortical,"array([7.48756011, 6.07863405])"
877,lingual_3,left,lh.lingual_3,cortical,"array([7.48693677, 6.09398027])"
878,lingual_4,left,lh.lingual_4,cortical,"array([7.49451659, 6.08314533])"
879,lingual_16,left,lh.lingual_16,cortical,"array([7.49713584, 6.09877427])"
880,lingual_1,left,lh.lingual_1,cortical,"array([7.47013343, 6.0572639 ])"
881,lingual_8,left,lh.lingual_8,cortical,"array([7.47702858, 6.05650673])"
882,lingual_10,left,lh.lingual_10,cortical,"array([7.49569585, 6.06447019])"
883,lingual_6,left,lh.lingual_6,cortical,"array([7.4887363 , 6.03648909])"
884,lingual_9,left,lh.lingual_9,cortical,"array([7.48472544, 6.0654008 ])"
885,lingual_13,left,lh.lingual_13,cortical,"array([7.50511438, 6.08410738])"
886,lingual_5,left,lh.lingual_5,cortical,"array([7.50819794, 6.06964537])"
887,lingual_2,left,lh.lingual_2,cortical,"array([7.48835225, 6.01826242])"
888,lingual_15,left,lh.lingual_15,cortical,"array([7.47771892, 6.01096522])"
889,lingual_12,left,lh.lingual_12,cortical,"array([7.45721544, 6.03425128])"
890,lingual_17,left,lh.lingual_17,cortical,"array([7.49215242, 6.01164154])"
891,lingual_7,left,lh.lingual_7,cortical,"array([7.50897504, 6.01457463])"
892,fusiform_12,left,lh.fusiform_12,cortical,"array([7.50805207, 6.04537275])"
893,fusiform_7,left,lh.fusiform_7,cortical,"array([7.50811702, 6.03810187])"
894,fusiform_17,left,lh.fusiform_17,cortical,"array([7.49505595, 6.03994671])"
895,fusiform_15,left,lh.fusiform_15,cortical,"array([7.50872519, 6.05332287])"
896,fusiform_6,left,lh.fusiform_6,cortical,"array([7.50081574, 6.04690702])"
897,fusiform_5,left,lh.fusiform_5,cortical,"array([7.5185888, 6.0631672])"
898,fusiform_10,left,lh.fusiform_10,cortical,"array([7.52468528, 6.04386335])"
899,fusiform_1,left,lh.fusiform_1,cortical,"array([7.51622736, 6.04849525])"
900,fusiform_11,left,lh.fusiform_11,cortical,"array([7.51398451, 6.02178503])"
901,fusiform_4,left,lh.fusiform_4,cortical,"array([7.51976259, 6.05558409])"
902,fusiform_16,left,lh.fusiform_16,cortical,"array([7.51953023, 6.04137862])"
903,fusiform_2,left,lh.fusiform_2,cortical,"array([7.52749421, 6.05124482])"
904,fusiform_3,left,lh.fusiform_3,cortical,"array([7.52429031, 6.03299427])"
905,fusiform_8,left,lh.fusiform_8,cortical,"array([7.53109268, 6.03082504])"
906,fusiform_9,left,lh.fusiform_9,cortical,"array([7.53465229, 6.02374335])"
907,fusiform_14,left,lh.fusiform_14,cortical,"array([7.54011169, 6.02949752])"
908,fusiform_13,left,lh.fusiform_13,cortical,"array([7.55254219, 6.02661987])"
909,fusiform_18,left,lh.fusiform_18,cortical,"array([7.56436933, 5.99894407])"
910,parahippocampal_3,left,lh.parahippocampal_3,cortical,"array([7.52859724, 6.07320279])"
911,parahippocampal_6,left,lh.parahippocampal_6,cortical,"array([7.54714126, 6.03461193])"
912,parahippocampal_1,left,lh.parahippocampal_1,cortical,"array([7.51714561, 6.07747184])"
913,parahippocampal_4,left,lh.parahippocampal_4,cortical,"array([7.53495531, 6.03616496])"
914,parahippocampal_5,left,lh.parahippocampal_5,cortical,"array([7.51650355, 6.01542875])"
915,parahippocampal_2,left,lh.parahippocampal_2,cortical,"array([7.45852347, 6.02270958])"
916,entorhinal_2,left,lh.entorhinal_2,cortical,"array([7.55343909, 6.03823205])"
917,entorhinal_1,left,lh.entorhinal_1,cortical,"array([7.57834081, 6.01364481])"
918,entorhinal_3,left,lh.entorhinal_3,cortical,"array([7.55633516, 6.00434931])"
919,temporalpole_2,left,lh.temporalpole_2,cortical,"array([7.57976582, 6.02125591])"
920,temporalpole_1,left,lh.temporalpole_1,cortical,"array([7.57912834, 5.98258201])"
921,temporalpole_3,left,lh.temporalpole_3,cortical,"array([7.57149412, 6.00225179])"
922,inferiortemporal_15,left,lh.inferiortemporal_15,cortical,"array([7.54941542, 6.00648739])"
923,inferiortemporal_11,left,lh.inferiortemporal_11,cortical,"array([7.56137602, 6.02220575])"
924,inferiortemporal_6,left,lh.inferiortemporal_6,cortical,"array([7.55252376, 6.0124567 ])"
925,inferiortemporal_2,left,lh.inferiortemporal_2,cortical,"array([7.57150459, 6.05290306])"
926,inferiortemporal_5,left,lh.inferiortemporal_5,cortical,"array([7.5464554 , 6.02693293])"
927,inferiortemporal_8,left,lh.inferiortemporal_8,cortical,"array([7.54221069, 6.03858686])"
928,inferiortemporal_14,left,lh.inferiortemporal_14,cortical,"array([7.56276348, 6.05426825])"
929,inferiortemporal_13,left,lh.inferiortemporal_13,cortical,"array([7.55254773, 6.05422539])"
930,inferiortemporal_4,left,lh.inferiortemporal_4,cortical,"array([7.53732522, 6.05165314])"
931,inferiortemporal_1,left,lh.inferiortemporal_1,cortical,"array([7.55833254, 6.06122446])"
932,inferiortemporal_9,left,lh.inferiortemporal_9,cortical,"array([7.53904415, 6.07991426])"
933,inferiortemporal_3,left,lh.inferiortemporal_3,cortical,"array([7.53389724, 6.04395966])"
934,inferiortemporal_10,left,lh.inferiortemporal_10,cortical,"array([7.55311401, 6.07104742])"
935,inferiortemporal_12,left,lh.inferiortemporal_12,cortical,"array([7.54420413, 6.06041809])"
936,inferiortemporal_16,left,lh.inferiortemporal_16,cortical,"array([7.52686322, 6.02514277])"
937,inferiortemporal_7,left,lh.inferiortemporal_7,cortical,"array([7.52124889, 6.02396877])"
938,middletemporal_6,left,lh.middletemporal_6,cortical,"array([7.52768047, 6.03795298])"
939,middletemporal_16,left,lh.middletemporal_16,cortical,"array([7.53248983, 6.06422076])"
940,middletemporal_10,left,lh.middletemporal_10,cortical,"array([7.54151029, 6.06889867])"
941,middletemporal_7,left,lh.middletemporal_7,cortical,"array([7.54906247, 6.08039587])"
942,middletemporal_3,left,lh.middletemporal_3,cortical,"array([7.56023376, 6.07773819])"
943,middletemporal_1,left,lh.middletemporal_1,cortical,"array([7.5504295 , 6.04552584])"
944,middletemporal_13,left,lh.middletemporal_13,cortical,"array([7.56493137, 6.06824647])"
945,middletemporal_8,left,lh.middletemporal_8,cortical,"array([7.57474513, 6.06257334])"
946,middletemporal_14,left,lh.middletemporal_14,cortical,"array([7.55867167, 6.03165333])"
947,middletemporal_5,left,lh.middletemporal_5,cortical,"array([7.5691881 , 6.04497454])"
948,middletemporal_11,left,lh.middletemporal_11,cortical,"array([7.58790997, 6.06260701])"
949,middletemporal_9,left,lh.middletemporal_9,cortical,"array([7.55777443, 6.04486399])"
950,middletemporal_15,left,lh.middletemporal_15,cortical,"array([7.58120728, 6.04760458])"
951,middletemporal_2,left,lh.middletemporal_2,cortical,"array([7.56838495, 6.03612201])"
952,middletemporal_4,left,lh.middletemporal_4,cortical,"array([7.57535943, 6.03658217])"
953,middletemporal_12,left,lh.middletemporal_12,cortical,"array([7.56150981, 6.01382443])"
954,bankssts_1,left,lh.bankssts_1,cortical,"array([7.58728786, 6.00790522])"
955,bankssts_3,left,lh.bankssts_3,cortical,"array([7.53698835, 6.01527053])"
956,bankssts_2,left,lh.bankssts_2,cortical,"array([7.54183371, 6.02047694])"
957,bankssts_6,left,lh.bankssts_6,cortical,"array([7.54257583, 6.04798973])"
958,bankssts_4,left,lh.bankssts_4,cortical,"array([7.52781497, 6.01723868])"
959,bankssts_5,left,lh.bankssts_5,cortical,"array([7.53868198, 6.00910445])"
960,superiortemporal_26,left,lh.superiortemporal_26,cortical,"array([7.55812092, 5.9867404 ])"
961,superiortemporal_20,left,lh.superiortemporal_20,cortical,"array([7.53153783, 6.00748017])"
962,superiortemporal_11,left,lh.superiortemporal_11,cortical,"array([7.5668107 , 5.98917179])"
963,superiortemporal_4,left,lh.superiortemporal_4,cortical,"array([7.58584768, 5.99775552])"
964,superiortemporal_24,left,lh.superiortemporal_24,cortical,"array([7.50655258, 5.99367194])"
965,superiortemporal_18,left,lh.superiortemporal_18,cortical,"array([7.52338306, 6.01133548])"
966,superiortemporal_3,left,lh.superiortemporal_3,cortical,"array([7.58252233, 6.03072767])"
967,superiortemporal_21,left,lh.superiortemporal_21,cortical,"array([7.61610991, 6.00004309])"
968,superiortemporal_17,left,lh.superiortemporal_17,cortical,"array([7.59390276, 5.98650268])"
969,superiortemporal_25,left,lh.superiortemporal_25,cortical,"array([7.56476769, 6.00812683])"
970,superiortemporal_9,left,lh.superiortemporal_9,cortical,"array([7.54671696, 6.01624446])"
971,superiortemporal_19,left,lh.superiortemporal_19,cortical,"array([7.59217253, 6.0254651 ])"
972,superiortemporal_16,left,lh.superiortemporal_16,cortical,"array([7.6176296 , 6.02349444])"
973,superiortemporal_6,left,lh.superiortemporal_6,cortical,"array([7.66295633, 6.02314917])"
974,superiortemporal_13,left,lh.superiortemporal_13,cortical,"array([7.57947171, 6.00567663])"
975,superiortemporal_8,left,lh.superiortemporal_8,cortical,"array([7.55339424, 6.0200826 ])"
976,superiortemporal_23,left,lh.superiortemporal_23,cortical,"array([7.56821147, 6.02150548])"
977,superiortemporal_15,left,lh.superiortemporal_15,cortical,"array([7.64375838, 6.03530052])"
978,superiortemporal_12,left,lh.superiortemporal_12,cortical,"array([7.62387528, 6.04858862])"
979,superiortemporal_5,left,lh.superiortemporal_5,cortical,"array([7.56134626, 6.03797684])"
980,superiortemporal_10,left,lh.superiortemporal_10,cortical,"array([7.57446327, 6.02755763])"
981,superiortemporal_1,left,lh.superiortemporal_1,cortical,"array([7.63832392, 6.06066355])"
982,superiortemporal_22,left,lh.superiortemporal_22,cortical,"array([7.56652677, 6.02887947])"
983,superiortemporal_14,left,lh.superiortemporal_14,cortical,"array([7.594144  , 6.03915326])"
984,superiortemporal_7,left,lh.superiortemporal_7,cortical,"array([7.59241212, 6.01537703])"
985,superiortemporal_2,left,lh.superiortemporal_2,cortical,"array([7.5702002, 6.013649 ])"
986,transversetemporal_4,left,lh.transversetemporal_4,cortical,"array([7.59985495, 6.00429655])"
987,transversetemporal_1,left,lh.transversetemporal_1,cortical,"array([7.5742304 , 5.99417621])"
988,transversetemporal_3,left,lh.transversetemporal_3,cortical,"array([7.54271562, 6.00118345])"
989,transversetemporal_2,left,lh.transversetemporal_2,cortical,"array([7.51666339, 5.99170972])"
990,insula_5,left,lh.insula_5,cortical,"array([7.47115823, 5.97260265])"
991,insula_2,left,lh.insula_2,cortical,"array([7.50690541, 5.94990264])"
992,insula_16,left,lh.insula_16,cortical,"array([7.48943301, 5.98442417])"
993,insula_12,left,lh.insula_12,cortical,"array([7.51083333, 6.00057625])"
994,insula_1,left,lh.insula_1,cortical,"array([7.55887554, 5.94034768])"
995,insula_8,left,lh.insula_8,cortical,"array([7.52881087, 5.94710891])"
996,insula_14,left,lh.insula_14,cortical,"array([7.51127875, 5.94747757])"
997,insula_10,left,lh.insula_10,cortical,"array([7.56512646, 5.95581863])"
998,insula_9,left,lh.insula_9,cortical,"array([7.54874016, 5.99031476])"
999,insula_13,left,lh.insula_13,cortical,"array([7.55285573, 5.99735187])"
1000,insula_11,left,lh.insula_11,cortical,"array([7.54713942, 5.97871782])"
1001,insula_6,left,lh.insula_6,cortical,"array([7.5690943 , 5.96469044])"
1002,insula_15,left,lh.insula_15,cortical,"array([7.49131111, 5.95092355])"
1003,insula_4,left,lh.insula_4,cortical,"array([7.46473295, 5.9389228 ])"
1004,insula_7,left,lh.insula_7,cortical,"array([7.42832902, 5.93436182])"
1005,insula_3,left,lh.insula_3,cortical,"array([7.5218498, 5.9250593])"
1006,insula_17,left,lh.insula_17,cortical,"array([7.4754523 , 5.96827897])"
1007,Left-Thalamus-Proper,left,Left-Thalamus-Proper,subcortical,"array([7.45267782, 5.9691723 ])"
1008,Left-Caudate,left,Left-Caudate,subcortical,"array([7.43131027, 5.9397709 ])"
1009,Left-Putamen,left,Left-Putamen,subcortical,"array([7.4817734 , 5.95545421])"
1010,Left-Pallidum,left,Left-Pallidum,subcortical,"array([7.47025015, 5.95045809])"
1011,Left-Accumbens-area,left,Left-Accumbens-area,subcortical,"array([7.415656  , 5.94491394])"
1012,Left-Hippocampus,left,Left-Hippocampus,subcortical,"array([7.48991632, 5.99183185])"
1013,Left-Amygdala,left,Left-Amygdala,subcortical,"array([7.50852357, 5.98704256])"
1014,Brain-Stem,left,Brain-Stem,subcortical,"array([7.39006132, 5.98634662])"
